date,name,Adj Close,Price,High,Low,Open,Volume,LongName,price_start,value
2023-01-06,BA,213.0,213.0,213.0399932861328,203.5500030517578,205.3000030517578,11256400.0,The Boeing Company,213.0,0.0
2023-01-13,BA,214.1300048828125,214.1300048828125,216.63999938964844,211.5800018310547,212.0,6213200.0,The Boeing Company,213.0,0.5305187243251174
2023-01-20,BA,206.7599945068359,206.7599945068359,207.9900054931641,204.77999877929688,207.47000122070312,5475400.0,The Boeing Company,213.0,-2.92958004373901
2023-01-27,BA,211.1699981689453,211.1699981689453,212.8800048828125,209.4199981689453,211.32000732421875,5237900.0,The Boeing Company,213.0,-0.8591557892275528
2023-02-03,BA,206.0099945068359,206.0099945068359,210.75,205.6199951171875,207.7100067138672,5400300.0,The Boeing Company,213.0,-3.2816927197953474
2023-02-10,BA,212.88999938964844,212.88999938964844,214.5,210.5,212.0099945068359,4862900.0,The Boeing Company,213.0,-0.0516434790382922
2023-02-17,BA,211.66000366210932,211.66000366210932,211.7599945068359,207.6199951171875,211.2100067138672,4985700.0,The Boeing Company,213.0,-0.6291062619204946
2023-02-24,BA,198.1499938964844,198.1499938964844,201.6999969482422,197.3600006103516,200.0,9658700.0,The Boeing Company,213.0,-6.971833851415774
2023-03-03,BA,215.1100006103516,215.1100006103516,216.1199951171875,209.3999938964844,210.25,7496800.0,The Boeing Company,213.0,0.990610615188527
2023-03-10,BA,203.07000732421875,203.07000732421875,205.0,197.7899932861328,201.42999267578125,8547100.0,The Boeing Company,213.0,-4.661968392385563
2023-03-17,BA,201.0500030517578,201.0500030517578,202.8300018310547,199.0,201.3500061035156,9858900.0,The Boeing Company,213.0,-5.610327205747506
2023-03-24,BA,197.52999877929688,197.52999877929688,197.57000732421875,193.9199981689453,195.5,4511600.0,The Boeing Company,213.0,-7.262911371222125
2023-03-31,BA,212.42999267578125,212.42999267578125,214.8000030517578,211.38999938964844,211.75,5147500.0,The Boeing Company,213.0,-0.267609072403169
2023-04-14,BA,201.7100067138672,201.7100067138672,204.27999877929688,198.1499938964844,202.58999633789065,19066500.0,The Boeing Company,213.0,-5.300466331517752
2023-04-21,BA,205.1499938964844,205.1499938964844,208.3800048828125,204.17999267578125,208.0,3432300.0,The Boeing Company,213.0,-3.685448874889952
2023-04-28,BA,206.77999877929688,206.77999877929688,206.9499969482422,202.8999938964844,204.5099945068359,3709300.0,The Boeing Company,213.0,-2.9201883665272885
2023-05-05,BA,198.33999633789065,198.33999633789065,199.0399932861328,196.7599945068359,198.08999633789065,3870100.0,The Boeing Company,213.0,-6.882630827281383
2023-05-12,BA,200.6999969482422,200.6999969482422,203.1100006103516,198.82000732421875,201.83999633789065,3168000.0,The Boeing Company,213.0,-5.774649320074091
2023-05-19,BA,205.4900054931641,205.4900054931641,208.3699951171875,204.6300048828125,208.1100006103516,3891500.0,The Boeing Company,213.0,-3.525819017293854
2023-05-26,BA,203.6300048828125,203.6300048828125,204.8000030517578,201.17999267578125,201.6000061035156,3820300.0,The Boeing Company,213.0,-4.399058740463615
2023-06-02,BA,213.32000732421875,213.32000732421875,215.2400054931641,210.0,210.0,7482300.0,The Boeing Company,213.0,0.1502381803843896
2023-06-09,BA,217.30999755859372,217.30999755859372,219.16000366210932,215.69000244140625,217.9900054931641,5297800.0,The Boeing Company,213.0,2.0234730322036385
2023-06-16,BA,219.9900054931641,219.9900054931641,223.8699951171875,218.97999572753903,220.72000122070312,7799500.0,The Boeing Company,213.0,3.2816927197953474
2023-06-23,BA,205.41000366210932,205.41000366210932,205.6100006103516,202.5500030517578,204.02000427246097,6334300.0,The Boeing Company,213.0,-3.563378562389978
2023-06-30,BA,211.16000366210932,211.16000366210932,213.2400054931641,209.3800048828125,213.13999938964844,5484100.0,The Boeing Company,213.0,-0.8638480459580532
2023-07-07,BA,212.1000061035156,212.1000061035156,215.66000366210932,211.8300018310547,212.94000244140625,4891200.0,The Boeing Company,213.0,-0.4225323457673255
2023-07-14,BA,213.1199951171875,213.1199951171875,217.02000427246097,212.80999755859372,217.0,4287900.0,The Boeing Company,213.0,0.0563357357687793
2023-07-21,BA,211.8000030517578,211.8000030517578,215.6000061035156,211.63999938964844,213.88999938964844,4053200.0,The Boeing Company,213.0,-0.5633788489399941
2023-07-28,BA,238.69000244140625,238.69000244140625,240.1300048828125,235.6999969482422,236.1199951171875,7054600.0,The Boeing Company,213.0,12.061034010049882
2023-08-04,BA,231.3600006103516,231.3600006103516,234.91000366210932,230.0800018310547,232.2899932861328,3497900.0,The Boeing Company,213.0,8.619718596409184
2023-08-11,BA,235.72000122070312,235.72000122070312,238.2599945068359,235.1199951171875,237.6100006103516,2651000.0,The Boeing Company,213.0,10.666667239766724
2023-08-18,BA,226.6499938964844,226.6499938964844,226.7899932861328,221.67999267578125,222.22999572753903,3580100.0,The Boeing Company,213.0,6.408447838725071
2023-08-25,BA,223.41000366210932,223.41000366210932,223.77000427246097,212.8800048828125,218.41000366210932,12352300.0,The Boeing Company,213.0,4.887325662962135
2023-09-01,BA,223.3999938964844,223.3999938964844,226.22999572753903,221.9499969482422,226.0,3655600.0,The Boeing Company,213.0,4.88262624248094
2023-09-08,BA,211.27000427246097,211.27000427246097,216.0,210.5099945068359,215.8300018310547,5752000.0,The Boeing Company,213.0,-0.8122045669197343
2023-09-15,BA,208.1100006103516,208.1100006103516,209.8300018310547,206.8800048828125,209.27999877929688,4668500.0,The Boeing Company,213.0,-2.2957743613372945
2023-09-22,BA,197.7100067138672,197.7100067138672,200.7400054931641,197.13999938964844,199.9600067138672,4450900.0,The Boeing Company,213.0,-7.178400603818222
2023-09-29,BA,191.67999267578125,191.67999267578125,192.9499969482422,190.1699981689453,191.9199981689453,5155400.0,The Boeing Company,213.0,-10.009393109961854
2023-10-06,BA,187.3800048828125,187.3800048828125,188.63999938964844,182.5500030517578,185.3699951171875,5359600.0,The Boeing Company,213.0,-12.028166721684272
2023-10-13,BA,184.91000366210932,184.91000366210932,187.2899932861328,183.17999267578125,186.27000427246097,8215700.0,The Boeing Company,213.0,-13.187791707929884
2023-10-20,BA,180.0399932861328,180.0399932861328,183.38999938964844,179.85000610351562,182.67999267578125,4514100.0,The Boeing Company,213.0,-15.47418155580619
2023-10-27,BA,179.69000244140625,179.69000244140625,182.3300018310547,179.00999450683594,180.0,4606300.0,The Boeing Company,213.0,-15.638496506382044
2023-11-03,BA,195.0500030517578,195.0500030517578,197.13999938964844,193.7100067138672,194.0,4483200.0,The Boeing Company,213.0,-8.42722861419821
2023-11-10,BA,196.6499938964844,196.6499938964844,197.2599945068359,194.2100067138672,195.0,4788500.0,The Boeing Company,213.0,-7.676059203528449
2023-11-17,BA,208.0399932861328,208.0399932861328,209.4199981689453,206.82000732421875,208.3600006103516,3564600.0,The Boeing Company,213.0,-2.328641649702905
2023-11-24,BA,220.0,220.0,221.58999633789065,218.9600067138672,220.6100006103516,2312100.0,The Boeing Company,213.0,3.286384976525822
2023-12-01,BA,233.8699951171875,233.8699951171875,235.3800048828125,231.3800048828125,231.77000427246097,6951000.0,The Boeing Company,213.0,9.798119773327464
2023-12-08,BA,244.6999969482422,244.6999969482422,244.6999969482422,237.32000732421875,237.32000732421875,7164400.0,The Boeing Company,213.0,14.882627675231074
2023-12-15,BA,264.2699890136719,264.2699890136719,265.5199890136719,255.6999969482422,255.6999969482422,14989000.0,The Boeing Company,213.0,24.07041737731074
2023-12-22,BA,260.44000244140625,260.44000244140625,262.8399963378906,259.20001220703125,261.8299865722656,4430500.0,The Boeing Company,213.0,22.272301615683684
2023-12-29,BA,260.6600036621094,260.6600036621094,262.2200012207031,259.5599975585937,260.6700134277344,3681900.0,The Boeing Company,213.0,22.375588573760268
2024-01-05,BA,249.0,249.0,250.19000244140625,245.0399932861328,245.0399932861328,3846200.0,The Boeing Company,213.0,16.901408450704224
2024-01-12,BA,217.6999969482422,217.6999969482422,222.07000732421875,217.0399932861328,219.97000122070312,11268800.0,The Boeing Company,213.0,2.206571337202905
2024-01-19,BA,215.02000427246097,215.02000427246097,215.16000366210932,209.22999572753903,210.88999938964844,14320200.0,The Boeing Company,213.0,0.9483588133619556
2024-01-26,BA,205.47000122070312,205.47000122070312,206.75,203.0,203.0800018310547,9911200.0,The Boeing Company,213.0,-3.535210694505575
2024-02-02,BA,209.3800048828125,209.3800048828125,209.5399932861328,206.3500061035156,209.05999755859372,6271200.0,The Boeing Company,213.0,-1.6995282240316902
2024-02-09,BA,209.1999969482422,209.1999969482422,211.44000244140625,207.8999938964844,209.77000427246097,4349700.0,The Boeing Company,213.0,-1.7840389914355923
2024-02-16,BA,203.88999938964844,203.88999938964844,205.0500030517578,202.80999755859372,204.8800048828125,5975900.0,The Boeing Company,213.0,-4.276995591714348
2024-02-23,BA,200.8300018310547,200.8300018310547,202.07000732421875,197.1499938964844,200.9900054931641,7433400.0,The Boeing Company,213.0,-5.713614163824091
2024-03-01,BA,200.0,200.0,205.05999755859372,199.0099945068359,204.0,11591000.0,The Boeing Company,213.0,-6.103286384976526
2024-03-08,BA,198.4900054931641,198.4900054931641,203.8000030517578,198.4600067138672,201.83999633789065,8993600.0,The Boeing Company,213.0,-6.812203993819675
2024-03-15,BA,182.52999877929688,182.52999877929688,184.17999267578125,180.91000366210932,180.9900054931641,10708600.0,The Boeing Company,213.0,-14.305164892348884
2024-03-22,BA,188.8500061035156,188.8500061035156,192.94000244140625,188.19000244140625,188.75,7822800.0,The Boeing Company,213.0,-11.338025303513804
2024-04-05,BA,183.13999938964844,183.13999938964844,184.66000366210932,182.44000244140625,184.16000366210932,4126900.0,The Boeing Company,213.0,-14.018779629273034
2024-04-12,BA,169.5500030517578,169.5500030517578,173.24000549316406,169.3699951171875,172.1999969482422,7548900.0,The Boeing Company,213.0,-20.399059600113706
2024-04-19,BA,169.82000732421875,169.82000732421875,172.0,169.64999389648438,170.0,4688600.0,The Boeing Company,213.0,-20.272297030883216
2024-04-26,BA,167.22000122070312,167.22000122070312,168.64999389648438,164.92999267578125,165.97999572753906,7208100.0,The Boeing Company,213.0,-21.492957173378816
2024-05-03,BA,179.7899932861328,179.7899932861328,180.4900054931641,177.89999389648438,179.58999633789062,5416300.0,The Boeing Company,213.0,-15.591552447824972
2024-05-10,BA,178.50999450683594,178.50999450683594,181.8800048828125,177.9199981689453,181.25,3715500.0,The Boeing Company,213.0,-16.192490841861062
2024-05-17,BA,184.9499969482422,184.9499969482422,185.3800048828125,181.22000122070312,183.25,5562400.0,The Boeing Company,213.0,-13.169015517257188
2024-05-24,BA,174.52000427246094,174.52000427246094,174.86000061035156,169.57000732421875,173.1999969482422,9485000.0,The Boeing Company,213.0,-18.065725693680317
2024-05-31,BA,177.61000061035156,177.61000061035156,177.89999389648438,172.2100067138672,173.1199951171875,5774500.0,The Boeing Company,213.0,-16.615023187628374
2024-06-07,BA,190.2400054931641,190.2400054931641,191.97999572753903,189.66000366210932,190.4600067138672,3374500.0,The Boeing Company,213.0,-10.685443430439394
2024-06-14,BA,177.27000427246094,177.27000427246094,180.2899932861328,175.22000122070312,178.89999389648438,5106000.0,The Boeing Company,213.0,-16.774645881473738
2024-06-21,BA,176.55999755859375,176.55999755859375,178.41000366210938,175.66000366210938,176.8300018310547,8635100.0,The Boeing Company,213.0,-17.107982366857392
2024-06-28,BA,182.0099945068359,182.0099945068359,184.44000244140625,180.6499938964844,182.6000061035156,5899900.0,The Boeing Company,213.0,-14.549298353598164
2024-07-05,BA,184.8300018310547,184.8300018310547,185.3800048828125,182.22999572753903,184.0,3290400.0,The Boeing Company,213.0,-13.225351253025968
2024-07-12,BA,182.30999755859372,182.30999755859372,184.4900054931641,180.4499969482422,183.72999572753903,5129300.0,The Boeing Company,213.0,-14.408451850425468
2024-07-19,BA,179.6699981689453,179.6699981689453,181.5,177.38999938964844,181.3999938964844,5121300.0,The Boeing Company,213.0,-15.64788818359375
2024-07-26,BA,186.88999938964844,186.88999938964844,189.58999633789065,184.6300048828125,185.8600006103516,6272000.0,The Boeing Company,213.0,-12.258216248991344
2024-08-02,BA,169.9499969482422,169.9499969482422,175.4600067138672,167.25,175.22000122070312,11742800.0,The Boeing Company,213.0,-20.21126903838395
2024-08-09,BA,167.91000366210938,167.91000366210938,169.85000610351562,166.89999389648438,168.38999938964844,3635600.0,The Boeing Company,213.0,-21.169012365206864
2024-08-16,BA,179.99000549316406,179.99000549316406,180.5099945068359,176.3000030517578,176.3000030517578,6731500.0,The Boeing Company,213.0,-15.49765000320936
2024-08-23,BA,174.9600067138672,174.9600067138672,176.9199981689453,173.1699981689453,173.8800048828125,4405900.0,The Boeing Company,213.0,-17.859151777527142
2024-08-30,BA,173.74000549316406,173.74000549316406,174.36000061035156,171.49000549316406,173.13999938964844,4146200.0,The Boeing Company,213.0,-18.43192230367884
2024-09-06,BA,157.6199951171875,157.6199951171875,162.85000610351562,156.6999969482422,162.5,7328600.0,The Boeing Company,213.0,-26.00000229240024
2024-09-13,BA,156.77000427246094,156.77000427246094,162.88999938964844,155.60000610351562,159.77999877929688,19003400.0,The Boeing Company,213.0,-26.39905902701364
2024-09-20,BA,153.2899932861328,153.2899932861328,154.63999938964844,152.60000610351562,154.00999450683594,13919400.0,The Boeing Company,213.0,-28.032867001815585
2024-09-27,BA,156.32000732421875,156.32000732421875,157.3300018310547,154.38999938964844,155.3699951171875,7637000.0,The Boeing Company,213.0,-26.6103251998973
2024-10-04,BA,155.0,155.0,155.0,150.85000610351562,152.25999450683594,6657500.0,The Boeing Company,213.0,-27.230046948356808
2024-10-11,BA,151.02000427246094,151.02000427246094,151.1199951171875,146.3000030517578,146.3000030517578,10688600.0,The Boeing Company,213.0,-29.09858954344557
2024-10-18,BA,155.0,155.0,156.3699951171875,153.89999389648438,155.83999633789062,6030200.0,The Boeing Company,213.0,-27.230046948356808
2024-10-25,BA,155.00999450683594,155.00999450683594,157.47999572753906,154.52000427246094,156.1999969482422,8153000.0,The Boeing Company,213.0,-27.22535469162632
2024-11-01,BA,154.58999633789062,154.58999633789062,156.0,151.22999572753906,152.77999877929688,18894500.0,The Boeing Company,213.0,-27.42253693056778
2024-11-08,BA,151.67999267578125,151.67999267578125,152.60000610351562,149.42999267578125,151.1199951171875,12996800.0,The Boeing Company,213.0,-28.78873583296655
2024-11-15,BA,140.19000244140625,140.19000244140625,140.32000732421875,137.02999877929688,138.13999938964844,12120100.0,The Boeing Company,213.0,-34.18309744534918
2024-11-22,BA,149.2899932861328,149.2899932861328,150.33999633789062,143.49000549316406,143.61000061035156,13353100.0,The Boeing Company,213.0,-29.91080127411605
2024-11-29,BA,155.44000244140625,155.44000244140625,157.5,152.85000610351562,153.0,7100100.0,The Boeing Company,213.0,-27.02347303220364
2024-12-06,BA,153.92999267578125,153.92999267578125,158.9499969482422,153.3699951171875,157.02999877929688,8182700.0,The Boeing Company,213.0,-27.732397804797536
2024-12-13,BA,169.64999389648438,169.64999389648438,170.42999267578125,166.3300018310547,168.0,9754900.0,The Boeing Company,213.0,-20.352115541556632
2023-01-06,DAY,60.959999084472656,60.959999084472656,61.959999084472656,57.97999954223633,60.29999923706055,1073200.0,Dayforce Inc,60.959999084472656,0.0
2023-01-13,DAY,67.62000274658203,67.62000274658203,67.87999725341797,65.55999755859375,65.55999755859375,945000.0,Dayforce Inc,60.959999084472656,10.925203021871056
2023-01-20,DAY,69.75,69.75,69.86000061035156,67.61000061035156,67.61000061035156,899200.0,Dayforce Inc,60.959999084472656,14.419293056988048
2023-01-27,DAY,72.72000122070312,72.72000122070312,73.62000274658203,71.94999694824219,72.0,827300.0,Dayforce Inc,60.959999084472656,19.291342376719133
2023-02-03,DAY,76.19999694824219,76.19999694824219,78.19999694824219,75.0,75.36000061035156,976300.0,Dayforce Inc,60.959999084472656,24.99999687114721
2023-02-10,DAY,76.6500015258789,76.6500015258789,77.54499816894531,74.91000366210938,76.43000030517578,1804100.0,Dayforce Inc,60.959999084472656,25.738193367858347
2023-02-17,DAY,74.95999908447266,74.95999908447266,75.66500091552734,74.16999816894531,75.3499984741211,1194800.0,Dayforce Inc,60.959999084472656,22.96587961000477
2023-02-24,DAY,72.91999816894531,72.91999816894531,73.79000091552734,72.51000213623047,73.62999725341797,741300.0,Dayforce Inc,60.959999084472656,19.619421364983307
2023-03-03,DAY,74.44999694824219,74.44999694824219,74.96499633789062,73.44000244140625,73.44000244140625,740200.0,Dayforce Inc,60.959999084472656,22.12926191989661
2023-03-10,DAY,67.44999694824219,67.44999694824219,70.33000183105469,67.08000183105469,70.29000091552734,1312900.0,Dayforce Inc,60.959999084472656,10.646322114894229
2023-03-17,DAY,69.55999755859375,69.55999755859375,69.76000213623047,68.06999969482422,69.0,2005900.0,Dayforce Inc,60.959999084472656,14.107609257349267
2023-03-24,DAY,68.51000213623047,68.51000213623047,68.80999755859375,67.25,68.80999755859375,591900.0,Dayforce Inc,60.959999084472656,12.38517579584561
2023-03-31,DAY,73.22000122070312,73.22000122070312,73.45999908447266,69.8949966430664,70.33999633789062,1744000.0,Dayforce Inc,60.959999084472656,20.11155236279073
2023-04-14,DAY,67.6500015258789,67.6500015258789,68.13999938964844,66.2699966430664,67.05999755859375,808800.0,Dayforce Inc,60.959999084472656,10.974413618569566
2023-04-21,DAY,67.0199966430664,67.0199966430664,67.02999877929688,65.30000305175781,66.33000183105469,1448800.0,Dayforce Inc,60.959999084472656,9.940941026256208
2023-04-28,DAY,63.47999954223633,63.47999954223633,64.27999877929688,62.27999877929688,63.119998931884766,2886500.0,Dayforce Inc,60.959999084472656,4.133859080725529
2023-05-05,DAY,56.70000076293945,56.70000076293945,58.369998931884766,55.619998931884766,57.81999969482422,2347100.0,Dayforce Inc,60.959999084472656,-6.988186327939566
2023-05-12,DAY,57.59000015258789,57.59000015258789,58.15499877929688,56.619998931884766,57.5,980700.0,Dayforce Inc,60.959999084472656,-5.528213553965014
2023-05-19,DAY,61.54999923706055,61.54999923706055,62.29999923706055,61.34000015258789,61.900001525878906,1655700.0,Dayforce Inc,60.959999084472656,0.96784803387271
2023-05-26,DAY,62.5,62.5,63.52000045776367,61.650001525878906,62.040000915527344,1150400.0,Dayforce Inc,60.959999084472656,2.5262482589498645
2023-06-02,DAY,64.91000366210938,64.91000366210938,65.58999633789062,62.81999969482422,63.310001373291016,1350000.0,Dayforce Inc,60.959999084472656,6.479666399212331
2023-06-09,DAY,63.43999862670898,63.43999862670898,65.23999786376953,63.43000030517578,64.69000244140625,1247200.0,Dayforce Inc,60.959999084472656,4.06824077999046
2023-06-16,DAY,67.08000183105469,67.08000183105469,68.76000213623047,66.2300033569336,68.68000030517578,2257600.0,Dayforce Inc,60.959999084472656,10.03937473506439
2023-06-23,DAY,63.459999084472656,63.459999084472656,64.06999969482422,63.27999877929688,63.84999847412109,1410500.0,Dayforce Inc,60.959999084472656,4.101049930357995
2023-06-30,DAY,66.97000122070312,66.97000122070312,67.43000030517578,66.2249984741211,66.69999694824219,1206800.0,Dayforce Inc,60.959999084472656,9.858927536895743
2023-07-07,DAY,65.5999984741211,65.5999984741211,66.08000183105469,64.77999877929688,64.8499984741211,994600.0,Dayforce Inc,60.959999084472656,7.611547669511546
2023-07-14,DAY,67.9000015258789,67.9000015258789,69.48999786376953,67.68000030517578,69.04000091552734,988400.0,Dayforce Inc,60.959999084472656,11.384518611605364
2023-07-21,DAY,68.66000366210938,68.66000366210938,70.28500366210938,68.30000305175781,70.06999969482422,838400.0,Dayforce Inc,60.959999084472656,12.63124129474932
2023-07-28,DAY,71.9000015258789,71.9000015258789,72.3499984741211,71.02999877929688,71.55000305175781,1754000.0,Dayforce Inc,60.959999084472656,17.946198500178156
2023-08-04,DAY,71.5199966430664,71.5199966430664,73.08999633789062,70.76499938964844,72.19000244140625,2077200.0,Dayforce Inc,60.959999084472656,17.322830900900595
2023-08-11,DAY,73.02999877929688,73.02999877929688,73.58999633789062,72.47000122070312,72.8499984741211,1003400.0,Dayforce Inc,60.959999084472656,19.79986856315195
2023-08-18,DAY,69.86000061035156,69.86000061035156,69.95500183105469,67.16500091552734,67.30999755859375,1182400.0,Dayforce Inc,60.959999084472656,14.599740255156693
2023-08-25,DAY,71.37999725341797,71.37999725341797,71.65499877929688,70.0,70.94000244140625,625800.0,Dayforce Inc,60.959999084472656,17.09317310603344
2023-09-01,DAY,73.11000061035156,73.11000061035156,73.19999694824219,72.08000183105469,72.9000015258789,649600.0,Dayforce Inc,60.959999084472656,19.93110516462209
2023-09-08,DAY,73.11000061035156,73.11000061035156,74.26000213623047,72.75499725341797,73.58000183105469,702700.0,Dayforce Inc,60.959999084472656,19.93110516462209
2023-09-15,DAY,73.13999938964844,73.13999938964844,74.01000213623047,72.97000122070312,74.01000213623047,1181500.0,Dayforce Inc,60.959999084472656,19.9803157613206
2023-09-22,DAY,65.16000366210938,65.16000366210938,66.44499969482422,65.02999877929688,66.37000274658203,910200.0,Dayforce Inc,60.959999084472656,6.88977139224813
2023-09-29,DAY,67.8499984741211,67.8499984741211,70.2300033569336,67.6500015258789,68.69000244140625,1331000.0,Dayforce Inc,60.959999084472656,11.30249260683374
2023-10-06,DAY,71.33000183105469,71.33000183105469,71.94000244140625,69.48999786376953,69.66999816894531,1093600.0,Dayforce Inc,60.959999084472656,17.01115961667298
2023-10-13,DAY,72.63999938964844,72.63999938964844,73.46499633789062,71.3550033569336,73.3499984741211,1247100.0,Dayforce Inc,60.959999084472656,19.160105775249
2023-10-20,DAY,69.7300033569336,69.7300033569336,71.27999877929688,69.5199966430664,70.9800033569336,1039500.0,Dayforce Inc,60.959999084472656,14.386490164326096
2023-10-27,DAY,63.38999938964844,63.38999938964844,64.86499786376953,63.18999862670898,64.80000305175781,1185300.0,Dayforce Inc,60.959999084472656,3.9862210329244174
2023-11-03,DAY,65.19999694824219,65.19999694824219,67.45999908447266,61.68000030517578,67.45999908447266,2325500.0,Dayforce Inc,60.959999084472656,6.955377177572032
2023-11-10,DAY,65.44999694824219,65.44999694824219,65.68499755859375,64.23999786376953,65.0,799200.0,Dayforce Inc,60.959999084472656,7.365482170607832
2023-11-17,DAY,69.29000091552734,69.29000091552734,69.45999908447266,67.32499694824219,68.1500015258789,1085400.0,Dayforce Inc,60.959999084472656,13.664701371651516
2023-11-24,DAY,67.22000122070312,67.22000122070312,67.80999755859375,67.0199966430664,67.80999755859375,606400.0,Dayforce Inc,60.959999084472656,10.269032529931543
2023-12-01,DAY,70.2699966430664,70.2699966430664,70.48500061035156,68.37999725341797,68.80000305175781,1526900.0,Dayforce Inc,60.959999084472656,15.2723059357216
2023-12-08,DAY,67.16999816894531,67.16999816894531,67.70999908447266,65.95999908447266,66.27999877929688,1300100.0,Dayforce Inc,60.959999084472656,10.187006525159918
2023-12-15,DAY,68.41000366210938,68.41000366210938,69.41999816894531,67.5199966430664,69.1500015258789,2614800.0,Dayforce Inc,60.959999084472656,12.221136301713525
2023-12-22,DAY,66.95999908447266,66.95999908447266,67.91000366210938,66.37999725341797,67.70999908447266,1062900.0,Dayforce Inc,60.959999084472656,9.842519832859187
2023-12-29,DAY,67.12000274658203,67.12000274658203,68.16999816894531,67.0199966430664,67.68000030517578,702600.0,Dayforce Inc,60.959999084472656,10.104993035799458
2024-01-05,DAY,63.150001525878906,63.150001525878906,64.63999938964844,63.09600067138672,63.459999084472656,1128100.0,Dayforce Inc,60.959999084472656,3.592523743925176
2024-01-12,DAY,65.30999755859375,65.30999755859375,65.75,64.44999694824219,65.20999908447266,970100.0,Dayforce Inc,60.959999084472656,7.135824375740678
2024-01-19,DAY,66.26000213623047,66.26000213623047,66.2699966430664,64.43000030517578,66.04000091552734,1183300.0,Dayforce Inc,60.959999084472656,8.694230858523415
2024-01-26,DAY,68.19999694824219,68.19999694824219,69.29499816894531,67.55000305175781,68.66000366210938,1080000.0,Dayforce Inc,60.959999084472656,11.876637094001628
2024-02-02,DAY,71.41999816894531,71.41999816894531,71.75,69.83999633789062,70.16000366210938,1001200.0,Dayforce Inc,60.959999084472656,17.158791406768508
2024-02-09,DAY,70.69000244140625,70.69000244140625,70.72000122070312,68.36000061035156,70.0199966430664,1305100.0,Dayforce Inc,60.959999084472656,15.961291835734226
2024-02-16,DAY,73.26000213623047,73.26000213623047,74.37000274658203,72.69999694824219,73.30000305175781,646600.0,Dayforce Inc,60.959999084472656,20.1771706635258
2024-02-23,DAY,71.41999816894531,71.41999816894531,72.58999633789062,70.9800033569336,72.29000091552734,1199000.0,Dayforce Inc,60.959999084472656,17.158791406768508
2024-03-01,DAY,68.25,68.25,70.29000091552734,67.95999908447266,69.30000305175781,2322100.0,Dayforce Inc,60.959999084472656,11.958663098773252
2024-03-08,DAY,66.91999816894531,66.91999816894531,67.43000030517578,66.06999969482422,66.80000305175781,743000.0,Dayforce Inc,60.959999084472656,9.77690153212412
2024-03-15,DAY,66.08999633789062,66.08999633789062,67.82499694824219,65.68000030517578,67.45999908447266,1505700.0,Dayforce Inc,60.959999084472656,8.415349951546586
2024-03-22,DAY,69.16999816894531,69.16999816894531,70.86000061035156,68.41999816894531,70.72000122070312,1285500.0,Dayforce Inc,60.959999084472656,13.467846469446314
2024-04-05,DAY,61.040000915527344,61.040000915527344,64.33999633789062,61.0099983215332,64.20999908447266,2255200.0,Dayforce Inc,60.959999084472656,0.1312366014701353
2024-04-12,DAY,60.63999938964844,60.63999938964844,62.60499954223633,60.54999923706055,62.2599983215332,934500.0,Dayforce Inc,60.959999084472656,-0.5249338904693767
2024-04-19,DAY,58.75,58.75,61.5099983215332,58.65999984741211,61.0,1644400.0,Dayforce Inc,60.959999084472656,-3.625326636587128
2024-04-26,DAY,60.97999954223633,60.97999954223633,61.09999847412109,59.74100112915039,59.869998931884766,984100.0,Dayforce Inc,60.959999084472656,0.0328091503675338
2024-05-03,DAY,57.290000915527344,57.290000915527344,59.560001373291016,57.0099983215332,58.900001525878906,1725000.0,Dayforce Inc,60.959999084472656,-6.020338294066856
2024-05-10,DAY,60.70000076293945,60.70000076293945,60.709999084472656,59.34999847412109,59.34999847412109,1730400.0,Dayforce Inc,60.959999084472656,-0.4265064393667753
2024-05-17,DAY,63.33000183105469,63.33000183105469,63.38999938964844,62.220001220703125,62.86000061035156,1131700.0,Dayforce Inc,60.959999084472656,3.8877998395273976
2024-05-24,DAY,56.15999984741211,56.15999984741211,60.630001068115234,55.70000076293945,60.36000061035156,2816400.0,Dayforce Inc,60.959999084472656,-7.874014614746233
2024-05-31,DAY,49.459999084472656,49.459999084472656,50.290000915527344,49.04999923706055,50.18999862670898,3324900.0,Dayforce Inc,60.959999084472656,-18.86482967964677
2024-06-07,DAY,51.52999877929688,51.52999877929688,52.900001525878906,50.93000030517578,51.470001220703125,2065400.0,Dayforce Inc,60.959999084472656,-15.469160837926802
2024-06-14,DAY,50.4900016784668,50.4900016784668,51.27999877929688,50.02999877929688,50.93999862670898,1013400.0,Dayforce Inc,60.959999084472656,-17.175192853099485
2024-06-21,DAY,50.16999816894531,50.16999816894531,50.27999877929688,49.005001068115234,50.02999877929688,3497400.0,Dayforce Inc,60.959999084472656,-17.700133001274445
2024-06-28,DAY,49.59999847412109,49.59999847412109,49.970001220703125,49.040000915527344,49.77000045776367,2695700.0,Dayforce Inc,60.959999084472656,-18.63517188477962
2024-07-05,DAY,50.84000015258789,50.84000015258789,51.31499862670898,50.70500183105469,51.2599983215332,1555300.0,Dayforce Inc,60.959999084472656,-16.601048365931597
2024-07-12,DAY,53.02000045776367,53.02000045776367,53.25,51.2400016784668,51.61000061035156,1600700.0,Dayforce Inc,60.959999084472656,-13.024932326042984
2024-07-19,DAY,53.34000015258789,53.34000015258789,53.58000183105469,51.68999862670898,53.540000915527344,1728500.0,Dayforce Inc,60.959999084472656,-12.499998435573604
2024-07-26,DAY,52.11000061035156,52.11000061035156,52.630001068115234,51.70000076293945,52.2400016784668,1113200.0,Dayforce Inc,60.959999084472656,-14.517714250385067
2024-08-02,DAY,53.22999954223633,53.22999954223633,55.68000030517578,52.81999969482422,55.68000030517578,3320300.0,Dayforce Inc,60.959999084472656,-12.680445633742249
2024-08-09,DAY,53.060001373291016,53.060001373291016,53.88999938964844,52.5,53.77000045776367,1214800.0,Dayforce Inc,60.959999084472656,-12.959314025307911
2024-08-16,DAY,55.400001525878906,55.400001525878906,55.95000076293945,54.650001525878906,55.27999877929688,869200.0,Dayforce Inc,60.959999084472656,-9.120731040184609
2024-08-23,DAY,56.75,56.75,57.03900146484375,55.27000045776367,55.630001068115234,1143900.0,Dayforce Inc,60.959999084472656,-6.906166580873522
2024-08-30,DAY,57.16999816894531,57.16999816894531,58.77999877929688,55.81999969482422,58.18999862670898,2444100.0,Dayforce Inc,60.959999084472656,-6.21719319627206
2024-09-06,DAY,54.470001220703125,54.470001220703125,54.720001220703125,53.20000076293945,54.220001220703125,1084800.0,Dayforce Inc,60.959999084472656,-10.646322114894229
2024-09-13,DAY,59.40999984741211,59.40999984741211,60.290000915527344,58.994998931884766,59.06999969482422,1088500.0,Dayforce Inc,60.959999084472656,-2.5426497052808403
2024-09-20,DAY,58.90999984741211,58.90999984741211,59.34999847412109,58.119998931884766,59.34999847412109,3216100.0,Dayforce Inc,60.959999084472656,-3.362859691352439
2024-09-27,DAY,60.20000076293945,60.20000076293945,60.459999084472656,58.93999862670898,59.400001525878906,1732700.0,Dayforce Inc,60.959999084472656,-1.2467164254383742
2024-10-04,DAY,61.86000061035156,61.86000061035156,62.5,61.27000045776367,62.5,755000.0,Dayforce Inc,60.959999084472656,1.476380478011111
2024-10-11,DAY,61.970001220703125,61.970001220703125,63.04999923706055,61.95000076293945,62.16999816894531,825200.0,Dayforce Inc,60.959999084472656,1.6568276761797558
2024-10-18,DAY,65.0,65.0,65.25,63.84999847412109,64.08000183105469,1259600.0,Dayforce Inc,60.959999084472656,6.627298189307859
2024-10-25,DAY,64.83999633789062,64.83999633789062,66.05999755859375,64.58000183105469,65.44000244140625,1134900.0,Dayforce Inc,60.959999084472656,6.364824986367588
2024-11-01,DAY,75.2300033569336,75.2300033569336,75.41000366210938,70.69999694824219,70.7300033569336,2843400.0,Dayforce Inc,60.959999084472656,23.408800011113684
2024-11-08,DAY,81.13999938964844,81.13999938964844,81.19999694824219,79.76000213623047,80.23999786376953,1328400.0,Dayforce Inc,60.959999084472656,33.10367553846618
2024-11-15,DAY,74.55999755859375,74.55999755859375,76.93000030517578,74.48999786376953,76.26000213623047,1342400.0,Dayforce Inc,60.959999084472656,22.309709118065257
2024-11-22,DAY,79.79000091552734,79.79000091552734,80.19000244140625,78.2300033569336,78.69999694824219,1101300.0,Dayforce Inc,60.959999084472656,30.889111079155096
2024-11-29,DAY,79.98999786376953,79.98999786376953,80.5,79.58000183105469,80.0,798700.0,Dayforce Inc,60.959999084472656,31.21719006741927
2024-12-06,DAY,78.55999755859375,78.55999755859375,79.18000030517578,77.58499908447266,77.95999908447266,1225100.0,Dayforce Inc,60.959999084472656,28.871389006638047
2024-12-13,DAY,77.16999816894531,77.16999816894531,77.9800033569336,76.66999816894531,77.29000091552734,1284300.0,Dayforce Inc,60.959999084472656,26.5912062465919
2023-01-06,HWM,40.18606948852539,40.459999084472656,40.61000061035156,39.70000076293945,39.75,2511500.0,Howmet Aerospace Inc.,40.459999084472656,0.0
2023-01-13,HWM,40.47410583496094,40.75,40.84999847412109,39.93000030517578,40.18999862670898,1518800.0,Howmet Aerospace Inc.,40.459999084472656,0.7167595701667662
2023-01-20,HWM,38.43799209594727,38.70000076293945,38.7599983215332,38.310001373291016,38.630001068115234,1698000.0,Howmet Aerospace Inc.,40.459999084472656,-4.349971234202618
2023-01-27,HWM,40.1264762878418,40.400001525878906,41.09999847412109,40.290000915527344,40.720001220703125,1720700.0,Howmet Aerospace Inc.,40.459999084472656,-0.1482885811946923
2023-02-03,HWM,39.59012985229492,39.86000061035156,40.5,39.66999816894531,40.09999847412109,2086600.0,Howmet Aerospace Inc.,40.459999084472656,-1.4829423818532792
2023-02-10,HWM,40.28512191772461,40.52000045776367,40.58000183105469,39.9900016784668,40.40999984741211,2981900.0,Howmet Aerospace Inc.,40.459999084472656,0.1482980095124183
2023-02-17,HWM,42.770626068115234,43.02000045776367,43.15999984741211,42.650001525878906,42.93000030517578,2012500.0,Howmet Aerospace Inc.,40.459999084472656,6.327240314430625
2023-02-24,HWM,41.71677017211914,41.959999084472656,42.060001373291016,41.2599983215332,41.58000183105469,2847700.0,Howmet Aerospace Inc.,40.459999084472656,3.707365382950924
2023-03-03,HWM,43.49639129638672,43.75,43.900001525878906,43.04999923706055,43.630001068115234,3189000.0,Howmet Aerospace Inc.,40.459999084472656,8.131490336068614
2023-03-10,HWM,40.6032600402832,40.84000015258789,42.0,40.310001373291016,41.959999084472656,4154100.0,Howmet Aerospace Inc.,40.459999084472656,0.9392018702765306
2023-03-17,HWM,38.98271179199219,39.209999084472656,40.400001525878906,38.970001220703125,40.20000076293945,7541300.0,Howmet Aerospace Inc.,40.459999084472656,-3.089471152459103
2023-03-24,HWM,40.01668167114258,40.25,40.369998931884766,39.2400016784668,39.7599983215332,2387400.0,Howmet Aerospace Inc.,40.459999084472656,-0.5190288908168751
2023-03-31,HWM,42.124393463134766,42.369998931884766,42.900001525878906,41.97999954223633,42.900001525878906,2712300.0,Howmet Aerospace Inc.,40.459999084472656,4.720711543824801
2023-04-14,HWM,42.29341506958008,42.540000915527344,42.75,42.119998931884766,42.540000915527344,3880800.0,Howmet Aerospace Inc.,40.459999084472656,5.140884523284456
2023-04-21,HWM,42.681148529052734,42.93000030517578,43.31999969482422,42.619998931884766,43.310001373291016,1666700.0,Howmet Aerospace Inc.,40.459999084472656,6.104798014320861
2023-04-28,HWM,44.03326797485352,44.290000915527344,44.33000183105469,43.45000076293945,43.52000045776367,3270300.0,Howmet Aerospace Inc.,40.459999084472656,9.4661441367272
2023-05-05,HWM,43.78412628173828,44.0,44.09999847412109,43.459999084472656,43.709999084472656,3155400.0,Howmet Aerospace Inc.,40.459999084472656,8.749384566560435
2023-05-12,HWM,43.74432373046875,43.959999084472656,44.59000015258789,43.68999862670898,44.2400016784668,1834600.0,Howmet Aerospace Inc.,40.459999084472656,8.65051922688549
2023-05-19,HWM,44.73941802978515,44.959999084472656,45.59000015258789,44.59999847412109,45.45000076293945,1744000.0,Howmet Aerospace Inc.,40.459999084472656,11.122096148852773
2023-05-26,HWM,43.28657531738281,43.5,43.720001220703125,43.2599983215332,43.27000045776367,2731800.0,Howmet Aerospace Inc.,40.459999084472656,7.513596105576793
2023-06-02,HWM,44.90858459472656,45.130001068115234,45.27000045776367,44.08000183105469,44.18000030517578,4483100.0,Howmet Aerospace Inc.,40.459999084472656,11.542269128312428
2023-06-09,HWM,45.714599609375,45.93999862670898,46.54999923706055,45.66999816894531,46.52000045776367,1929300.0,Howmet Aerospace Inc.,40.459999084472656,13.544240400982584
2023-06-16,HWM,45.7544174194336,45.97999954223633,46.70000076293945,45.810001373291016,46.310001373291016,2978200.0,Howmet Aerospace Inc.,40.459999084472656,13.643105740657528
2023-06-23,HWM,46.122589111328125,46.34999847412109,46.630001068115234,45.959999084472656,46.09999847412109,4689200.0,Howmet Aerospace Inc.,40.459999084472656,14.55758656185646
2023-06-30,HWM,49.31685256958008,49.560001373291016,49.68000030517578,49.0099983215332,49.47999954223633,2479500.0,Howmet Aerospace Inc.,40.459999084472656,22.491355646892902
2023-07-07,HWM,49.15763092041016,49.400001525878906,49.83000183105469,48.90999984741211,48.93999862670898,2145600.0,Howmet Aerospace Inc.,40.459999084472656,22.09590371651085
2023-07-14,HWM,49.15763092041016,49.400001525878906,49.619998931884766,48.91999816894531,49.619998931884766,1358000.0,Howmet Aerospace Inc.,40.459999084472656,22.09590371651085
2023-07-21,HWM,49.66512680053711,49.90999984741211,50.70000076293945,49.88999938964844,50.66999816894531,1449500.0,Howmet Aerospace Inc.,40.459999084472656,23.35640379825437
2023-07-28,HWM,50.18258285522461,50.43000030517578,50.61000061035156,49.91999816894531,50.470001220703125,2095500.0,Howmet Aerospace Inc.,40.459999084472656,24.64162492907548
2023-08-04,HWM,48.85001373291016,49.04999923706055,49.38999938964844,48.27000045776367,48.38999938964844,5030800.0,Howmet Aerospace Inc.,40.459999084472656,21.230846136831666
2023-08-11,HWM,49.23842239379883,49.43999862670898,49.84000015258789,49.18000030517578,49.77000045776367,2761600.0,Howmet Aerospace Inc.,40.459999084472656,22.19475962786807
2023-08-18,HWM,48.58111190795898,48.77999877929688,48.959999084472656,48.0,48.15999984741211,1859400.0,Howmet Aerospace Inc.,40.459999084472656,20.563519236502373
2023-08-25,HWM,47.98356246948242,48.18000030517578,48.47999954223633,47.65999984741211,48.290000915527344,2429300.0,Howmet Aerospace Inc.,40.459999084472656,19.08057685464909
2023-09-01,HWM,49.487403869628906,49.68999862670898,50.0,49.459999084472656,49.93000030517578,2001600.0,Howmet Aerospace Inc.,40.459999084472656,22.81265385835989
2023-09-08,HWM,47.45572280883789,47.650001525878906,48.36000061035156,47.59999847412109,48.09999847412109,2043800.0,Howmet Aerospace Inc.,40.459999084472656,17.770644103068108
2023-09-15,HWM,46.48967361450195,46.68000030517578,47.13999938964844,46.45000076293945,47.02000045776367,6894200.0,Howmet Aerospace Inc.,40.459999084472656,15.37321147169817
2023-09-22,HWM,45.61326599121094,45.79999923706055,46.38999938964844,45.66999816894531,46.02999877929688,2026800.0,Howmet Aerospace Inc.,40.459999084472656,13.198221140438
2023-09-29,HWM,46.06142425537109,46.25,47.130001068115234,46.060001373291016,46.84999847412109,2331400.0,Howmet Aerospace Inc.,40.459999084472656,14.31043264098682
2023-10-06,HWM,45.772605895996094,45.959999084472656,46.40999984741211,45.20000076293945,45.4900016784668,2021000.0,Howmet Aerospace Inc.,40.459999084472656,13.593673070820053
2023-10-13,HWM,44.18909454345703,44.369998931884766,45.84000015258789,44.16999816894531,45.36000061035156,3683700.0,Howmet Aerospace Inc.,40.459999084472656,9.663865387759364
2023-10-20,HWM,43.26288604736328,43.43999862670898,43.869998931884766,43.2599983215332,43.77999877929688,2560800.0,Howmet Aerospace Inc.,40.459999084472656,7.365298096064375
2023-10-27,HWM,42.91431427001953,43.09000015258789,43.560001373291016,42.93999862670898,43.40999984741211,1354300.0,Howmet Aerospace Inc.,40.459999084472656,6.500249944702917
2023-11-03,HWM,47.78437805175781,47.97999954223633,48.77999877929688,47.93999862670898,48.77999877929688,2954200.0,Howmet Aerospace Inc.,40.459999084472656,18.58625958459209
2023-11-10,HWM,49.39906692504883,49.54999923706055,49.65999984741211,48.81999969482422,49.09000015258789,2132200.0,Howmet Aerospace Inc.,40.459999084472656,22.466634597815307
2023-11-17,HWM,51.3132209777832,51.470001220703125,52.130001068115234,51.380001068115234,51.709999084472656,2113700.0,Howmet Aerospace Inc.,40.459999084472656,27.212067190717708
2023-11-24,HWM,52.11077880859375,52.27000045776367,52.54999923706055,52.15999984741211,52.38999938964844,776300.0,Howmet Aerospace Inc.,40.459999084472656,29.189326842627988
2023-12-01,HWM,52.738868713378906,52.900001525878906,53.2400016784668,52.619998931884766,52.619998931884766,2005400.0,Howmet Aerospace Inc.,40.459999084472656,30.74642294339634
2023-12-08,HWM,53.0977668762207,53.2599983215332,53.36000061035156,52.720001220703125,52.720001220703125,1634800.0,Howmet Aerospace Inc.,40.459999084472656,31.636182715517677
2023-12-15,HWM,52.6391716003418,52.79999923706055,53.2599983215332,52.380001068115234,52.45000076293945,5428500.0,Howmet Aerospace Inc.,40.459999084472656,30.499259594208976
2023-12-22,HWM,53.40682601928711,53.56999969482422,53.90999984741211,53.43000030517578,53.56999969482422,1352700.0,Howmet Aerospace Inc.,40.459999084472656,32.402374955521914
2023-12-29,HWM,53.95515060424805,54.119998931884766,54.40999984741211,54.06999969482422,54.20000076293945,1964500.0,Howmet Aerospace Inc.,40.459999084472656,33.76174037694037
2024-01-05,HWM,53.66603469848633,53.83000183105469,54.25,52.61000061035156,52.93000030517578,4007100.0,Howmet Aerospace Inc.,40.459999084472656,33.04499023509133
2024-01-12,HWM,55.370826721191406,55.540000915527344,55.900001525878906,55.25,55.66999816894531,2259200.0,Howmet Aerospace Inc.,40.459999084472656,37.27138450885913
2024-01-19,HWM,55.57021331787109,55.7400016784668,55.93000030517578,54.93999862670898,55.25,2045900.0,Howmet Aerospace Inc.,40.459999084472656,37.76570177891613
2024-01-26,HWM,55.26115798950195,55.43000030517578,55.61000061035156,55.0,55.47999954223633,4240100.0,Howmet Aerospace Inc.,40.459999084472656,36.99950953891189
2024-02-02,HWM,57.54418182373047,57.720001220703125,57.93999862670898,57.0,57.43999862670898,3097600.0,Howmet Aerospace Inc.,40.459999084472656,42.65942295301323
2024-02-09,HWM,58.470977783203125,58.59999847412109,59.400001525878906,58.560001373291016,59.380001068115234,2449600.0,Howmet Aerospace Inc.,40.459999084472656,44.83440385595567
2024-02-16,HWM,62.68168640136719,62.81999969482422,63.91999816894531,62.720001220703125,63.52999877929688,2686700.0,Howmet Aerospace Inc.,40.459999084472656,55.26446148371927
2024-02-23,HWM,65.7249755859375,65.87000274658203,65.94000244140625,65.06999969482422,65.18000030517578,4349000.0,Howmet Aerospace Inc.,40.459999084472656,62.80277863837367
2024-03-01,HWM,66.85248565673828,67.0,67.23999786376953,66.5,66.63999938964844,2172700.0,Howmet Aerospace Inc.,40.459999084472656,65.59565377180793
2024-03-08,HWM,67.59085083007812,67.73999786376953,69.55000305175781,67.33000183105469,69.37999725341797,3653800.0,Howmet Aerospace Inc.,40.459999084472656,67.4246154142058
2024-03-15,HWM,66.09415435791016,66.23999786376953,66.23999786376953,65.0,65.0,6494400.0,Howmet Aerospace Inc.,40.459999084472656,63.71725003125487
2024-03-22,HWM,67.95005798339844,68.0999984741211,68.37000274658203,67.5199966430664,67.63999938964844,3035200.0,Howmet Aerospace Inc.,40.459999084472656,68.31438461464485
2024-04-05,HWM,66.91234588623047,67.05999755859375,67.11000061035156,65.58999633789062,65.8499984741211,2421500.0,Howmet Aerospace Inc.,40.459999084472656,65.74394235300262
2024-04-12,HWM,63.85908889770508,64.0,65.63999938964844,63.52999877929688,65.30000305175781,2997500.0,Howmet Aerospace Inc.,40.459999084472656,58.18092300590608
2024-04-19,HWM,63.2703857421875,63.40999984741211,64.33999633789062,62.970001220703125,64.05000305175781,3072300.0,Howmet Aerospace Inc.,40.459999084472656,56.72269224481268
2024-04-26,HWM,66.25379943847656,66.4000015258789,66.56999969482422,64.70999908447266,64.86000061035156,4071600.0,Howmet Aerospace Inc.,40.459999084472656,64.11271138995465
2024-05-03,HWM,78.71630096435547,78.88999938964844,79.47000122070312,76.94999694824219,78.20999908447266,6147900.0,Howmet Aerospace Inc.,40.459999084472656,94.98270186546809
2024-05-10,HWM,80.74153137207031,80.87000274658203,82.80999755859375,80.73999786376953,82.72000122070312,3147600.0,Howmet Aerospace Inc.,40.459999084472656,99.8764324678829
2024-05-17,HWM,82.79825592041016,82.93000030517578,83.06999969482422,82.26000213623047,83.01000213623047,1332700.0,Howmet Aerospace Inc.,40.459999084472656,104.96787489301217
2024-05-24,HWM,84.58541107177734,84.72000122070312,85.4800033569336,83.0,83.25,2719800.0,Howmet Aerospace Inc.,40.459999084472656,109.39199984612986
2024-05-31,HWM,84.5155258178711,84.6500015258789,84.69999694824219,82.93000030517578,84.22000122070312,3389600.0,Howmet Aerospace Inc.,40.459999084472656,109.21899021585756
2024-06-07,HWM,83.64690399169922,83.77999877929688,84.66999816894531,83.33999633789062,83.51000213623047,2064000.0,Howmet Aerospace Inc.,40.459999084472656,107.06871150535726
2024-06-14,HWM,78.8145980834961,78.94000244140625,81.73999786376953,77.73999786376953,81.69000244140625,4958700.0,Howmet Aerospace Inc.,40.459999084472656,95.10628825422064
2024-06-21,HWM,80.01268768310547,80.13999938964844,80.16000366210938,78.88999938964844,79.44999694824219,4992700.0,Howmet Aerospace Inc.,40.459999084472656,98.07217301792718
2024-06-28,HWM,77.50666809082031,77.62999725341797,80.47000122070312,76.83000183105469,79.77999877929688,6548900.0,Howmet Aerospace Inc.,40.459999084472656,91.8685096639314
2024-07-05,HWM,78.67481994628906,78.80000305175781,79.6500015258789,78.0,79.45999908447266,1880200.0,Howmet Aerospace Inc.,40.459999084472656,94.76026899367604
2024-07-12,HWM,79.10414123535156,79.2300033569336,80.30999755859375,79.0999984741211,80.25,2129200.0,Howmet Aerospace Inc.,40.459999084472656,95.8230478243874
2024-07-19,HWM,77.90604400634766,78.02999877929688,78.9000015258789,77.48999786376953,78.83000183105469,1882400.0,Howmet Aerospace Inc.,40.459999084472656,92.8571442040454
2024-07-26,HWM,82.54866027832031,82.68000030517578,83.29000091552734,81.41000366210938,82.80999755859375,2903000.0,Howmet Aerospace Inc.,40.459999084472656,104.34998066252037
2024-08-02,HWM,90.01677703857422,90.16000366210938,93.75,89.80999755859375,93.4499969482422,4454800.0,Howmet Aerospace Inc.,40.459999084472656,122.83738433575522
2024-08-09,HWM,93.02303314208984,93.08999633789062,93.18000030517578,91.19000244140624,92.1500015258789,1961000.0,Howmet Aerospace Inc.,40.459999084472656,130.07908661474931
2024-08-16,HWM,95.7510757446289,95.81999969482422,96.22000122070312,95.19000244140624,95.5,1351000.0,Howmet Aerospace Inc.,40.459999084472656,136.8264999086396
2024-08-23,HWM,97.01016998291016,97.08000183105467,97.56999969482422,96.41000366210938,96.8000030517578,1158200.0,Howmet Aerospace Inc.,40.459999084472656,139.9406921101763
2024-08-30,HWM,96.5904769897461,96.66000366210938,97.48999786376952,95.30999755859376,97.16000366210938,3188800.0,Howmet Aerospace Inc.,40.459999084472656,138.90263432854255
2024-09-06,HWM,91.37422943115234,91.44000244140624,94.1500015258789,90.72000122070312,94.0,4137000.0,Howmet Aerospace Inc.,40.459999084472656,126.00099977881165
2024-09-13,HWM,95.21146392822266,95.27999877929688,95.97000122070312,92.7699966430664,93.5,2815600.0,Howmet Aerospace Inc.,40.459999084472656,135.49184610798102
2024-09-20,HWM,97.37989807128906,97.4499969482422,98.29000091552734,96.5199966430664,97.25,6550200.0,Howmet Aerospace Inc.,40.459999084472656,140.85516350305753
2024-09-27,HWM,99.13863372802734,99.20999908447266,99.70999908447266,98.58999633789062,99.3000030517578,1543600.0,Howmet Aerospace Inc.,40.459999084472656,145.20514416557785
2024-10-04,HWM,101.95660400390624,102.02999877929688,103.0,101.02999877929688,101.80999755859376,2063100.0,Howmet Aerospace Inc.,40.459999084472656,152.17499033126018
2024-10-11,HWM,103.74532318115234,103.81999969482422,104.41999816894533,102.13999938964844,102.16000366210938,1624000.0,Howmet Aerospace Inc.,40.459999084472656,156.59911528437786
2024-10-18,HWM,105.4640884399414,105.54000091552734,106.76000213623048,104.73999786376952,106.76000213623048,1706500.0,Howmet Aerospace Inc.,40.459999084472656,160.85023060722327
2024-10-25,HWM,101.31707000732422,101.38999938964844,101.83999633789062,100.68000030517578,101.0,1397900.0,Howmet Aerospace Inc.,40.459999084472656,150.59318260973197
2024-11-01,HWM,99.95804595947266,100.02999877929688,101.0,99.8000030517578,100.5999984741211,1523000.0,Howmet Aerospace Inc.,40.459999084472656,147.2318364873256
2024-11-08,HWM,113.6500015258789,113.6500015258789,114.08000183105467,111.01000213623048,112.0,2012900.0,Howmet Aerospace Inc.,40.459999084472656,180.8947209529088
2024-11-15,HWM,112.01000213623048,112.01000213623048,113.08000183105467,111.13999938964844,112.3000030517578,2221700.0,Howmet Aerospace Inc.,40.459999084472656,176.84133630941326
2024-11-22,HWM,118.44000244140624,118.44000244140624,118.8000030517578,116.37000274658205,117.87000274658205,5093300.0,Howmet Aerospace Inc.,40.459999084472656,192.73357667192823
2024-11-29,HWM,118.37999725341795,118.37999725341795,118.9000015258789,117.37999725341795,118.23999786376952,1352000.0,Howmet Aerospace Inc.,40.459999084472656,192.5852692340981
2024-12-06,HWM,118.30999755859376,118.30999755859376,120.70999908447266,117.56999969482422,120.0999984741211,1912900.0,Howmet Aerospace Inc.,40.459999084472656,192.41225960382587
2024-12-13,HWM,113.43000030517578,113.43000030517578,114.8000030517578,113.12000274658205,114.23999786376952,1565500.0,Howmet Aerospace Inc.,40.459999084472656,180.3509710130143
2023-01-06,NDSN,231.2351226806641,235.77000427246097,237.0,232.0399932861328,232.0399932861328,164000.0,Nordson Corporation,235.77000427246097,0.0
2023-01-13,NDSN,239.14990234375,243.83999633789065,244.2899932861328,239.1699981689453,239.1699981689453,125500.0,Nordson Corporation,235.77000427246097,3.422823904309655
2023-01-20,NDSN,229.32264709472656,233.82000732421875,234.4600067138672,228.13999938964844,228.3800048828125,325700.0,Nordson Corporation,235.77000427246097,-0.8270759269227298
2023-01-27,NDSN,234.9718475341797,239.5800018310547,240.88999938964844,233.4600067138672,234.6499938964844,278700.0,Nordson Corporation,235.77000427246097,1.6159806122711036
2023-02-03,NDSN,243.8673858642578,248.6499938964844,250.05999755859372,246.1100006103516,247.38999938964844,237100.0,Nordson Corporation,235.77000427246097,5.462946681350966
2023-02-10,NDSN,236.88433837890625,241.52999877929688,242.2599945068359,240.0399932861328,241.2100067138672,119500.0,Nordson Corporation,235.77000427246097,2.443056539193821
2023-02-17,NDSN,242.13319396972656,246.22000122070312,246.8999938964844,241.8300018310547,241.8300018310547,319100.0,Nordson Corporation,235.77000427246097,4.4322843274693735
2023-02-24,NDSN,216.66310119628903,220.32000732421875,222.33999633789065,218.1699981689453,220.32000732421875,238000.0,Nordson Corporation,235.77000427246097,-6.552995151320379
2023-03-03,NDSN,219.2887725830078,222.9900054931641,223.3500061035156,219.8600006103516,221.72000122070312,213600.0,Nordson Corporation,235.77000427246097,-5.420536348011441
2023-03-10,NDSN,209.3859100341797,212.9199981689453,218.2100067138672,211.7100067138672,217.66000366210932,172800.0,Nordson Corporation,235.77000427246097,-9.691651053757324
2023-03-17,NDSN,200.63365173339844,204.02000427246097,205.19000244140625,202.7400054931641,205.19000244140625,505600.0,Nordson Corporation,235.77000427246097,-13.46651373145373
2023-03-24,NDSN,206.46522521972656,209.9499969482422,210.47000122070312,204.6000061035156,205.8600006103516,252700.0,Nordson Corporation,235.77000427246097,-10.951353800876474
2023-03-31,NDSN,218.57090759277344,222.2599945068359,222.69000244140625,219.66000366210932,220.0399932861328,253500.0,Nordson Corporation,235.77000427246097,-5.730164788058702
2023-04-14,NDSN,214.25375366210932,217.8699951171875,220.47999572753903,216.8500061035156,218.5500030517578,171800.0,Nordson Corporation,235.77000427246097,-7.592148632524019
2023-04-21,NDSN,215.2076568603516,218.83999633789065,219.27999877929688,216.52000427246097,218.72000122070312,191700.0,Nordson Corporation,235.77000427246097,-7.1807302149452505
2023-04-28,NDSN,212.7196502685547,216.30999755859372,217.97999572753903,214.8600006103516,216.4600067138672,440600.0,Nordson Corporation,235.77000427246097,-8.253809374062193
2023-05-05,NDSN,216.5155792236328,220.1699981689453,220.6300048828125,217.8800048828125,218.67999267578125,167600.0,Nordson Corporation,235.77000427246097,-6.616620359173403
2023-05-12,NDSN,212.7196502685547,216.30999755859372,219.3300018310547,214.9900054931641,217.30999755859372,294000.0,Nordson Corporation,235.77000427246097,-8.253809374062193
2023-05-19,NDSN,213.5653839111328,217.1699981689453,219.3500061035156,215.82000732421875,219.27999877929688,199300.0,Nordson Corporation,235.77000427246097,-7.889046853483992
2023-05-26,NDSN,217.80670166015625,220.82000732421875,220.94000244140625,217.0,217.0,180200.0,Nordson Corporation,235.77000427246097,-6.34092406893528
2023-06-02,NDSN,224.11935424804688,227.22000122070312,227.69000244140625,223.7599945068359,223.7599945068359,224400.0,Nordson Corporation,235.77000427246097,-3.626416803164354
2023-06-09,NDSN,228.98208618164065,232.1499938964844,233.0500030517578,229.22000122070312,233.0500030517578,165100.0,Nordson Corporation,235.77000427246097,-1.535399037357271
2023-06-16,NDSN,233.8744201660156,237.1100006103516,238.4600067138672,236.2899932861328,237.69000244140625,360600.0,Nordson Corporation,235.77000427246097,0.5683489475370529
2023-06-23,NDSN,232.52310180664065,235.7400054931641,236.17999267578125,234.02999877929688,235.6199951171875,494400.0,Nordson Corporation,235.77000427246097,-0.0127237471914399
2023-06-30,NDSN,244.79335021972656,248.17999267578125,250.0,245.9600067138672,247.97000122070312,222500.0,Nordson Corporation,235.77000427246097,5.263599346157296
2023-07-07,NDSN,238.9837188720703,242.2899932861328,244.6000061035156,240.6999969482422,240.7100067138672,185300.0,Nordson Corporation,235.77000427246097,2.765402254536673
2023-07-14,NDSN,243.09683227539065,246.4600067138672,247.9600067138672,244.33999633789065,247.9600067138672,208700.0,Nordson Corporation,235.77000427246097,4.534080776896717
2023-07-21,NDSN,240.02926635742188,243.3500061035156,245.42999267578125,243.0099945068359,244.92999267578125,221700.0,Nordson Corporation,235.77000427246097,3.214998385585562
2023-07-28,NDSN,246.8449554443359,250.2599945068359,251.2899932861328,248.8300018310547,250.5,180600.0,Nordson Corporation,235.77000427246097,6.145815825506791
2023-08-04,NDSN,243.057373046875,246.4199981689453,249.8000030517578,246.1499938964844,248.72000122070312,188400.0,Nordson Corporation,235.77000427246097,4.517111466044248
2023-08-11,NDSN,239.25003051757807,242.55999755859372,243.3600006103516,241.3999938964844,241.3999938964844,125300.0,Nordson Corporation,235.77000427246097,2.879922451155457
2023-08-18,NDSN,229.15965270996097,232.3300018310547,235.2100067138672,231.75,232.6499938964844,192700.0,Nordson Corporation,235.77000427246097,-1.459050082312819
2023-08-25,NDSN,236.034912109375,238.6000061035156,239.77000427246097,236.0399932861328,236.97999572753903,187200.0,Nordson Corporation,235.77000427246097,1.20032310292713
2023-09-01,NDSN,242.87063598632807,245.5099945068359,246.8999938964844,244.9199981689453,245.91000366210932,181800.0,Nordson Corporation,235.77000427246097,4.131140542848359
2023-09-08,NDSN,230.2972869873047,232.8000030517578,234.5800018310547,232.22999572753903,233.8600006103516,162500.0,Nordson Corporation,235.77000427246097,-1.2597027471191606
2023-09-15,NDSN,228.3088836669922,230.7899932861328,233.22999572753903,230.22000122070312,233.0099945068359,312800.0,Nordson Corporation,235.77000427246097,-2.112232640320583
2023-09-22,NDSN,221.7699279785156,224.17999267578125,225.44000244140625,222.75,223.55999755859372,215500.0,Nordson Corporation,235.77000427246097,-4.915812608327412
2023-09-29,NDSN,220.77081298828125,223.1699981689453,225.05999755859372,222.05999755859372,224.63999938964844,233400.0,Nordson Corporation,235.77000427246097,-5.344193864862814
2023-10-06,NDSN,220.3751220703125,222.77000427246097,224.0800018310547,220.42999267578125,221.6000061035156,151400.0,Nordson Corporation,235.77000427246097,-5.513848142012551
2023-10-13,NDSN,220.2069396972656,222.6000061035156,228.47999572753903,221.6199951171875,228.47999572753903,177700.0,Nordson Corporation,235.77000427246097,-5.585951533396009
2023-10-20,NDSN,213.00521850585932,215.32000732421875,217.52000427246097,215.19000244140625,216.72999572753903,170500.0,Nordson Corporation,235.77000427246097,-8.67370597517136
2023-10-27,NDSN,209.8494873046875,212.1300048828125,214.75,211.7400054931641,212.8000030517578,206300.0,Nordson Corporation,235.77000427246097,-10.026720516291617
2023-11-03,NDSN,219.1583251953125,221.5399932861328,223.1699981689453,220.4499969482422,220.4499969482422,168800.0,Nordson Corporation,235.77000427246097,-6.0355476644448975
2023-11-10,NDSN,222.68995666503903,225.1100006103516,225.2400054931641,221.30999755859372,222.8999938964844,137400.0,Nordson Corporation,235.77000427246097,-4.521357029705301
2023-11-17,NDSN,230.9501953125,233.4600067138672,233.6000061035156,231.6199951171875,233.6000061035156,198500.0,Nordson Corporation,235.77000427246097,-0.9797673651158334
2023-11-24,NDSN,232.6813812255859,235.2100067138672,235.2100067138672,232.58999633789065,232.58999633789065,62100.0,Nordson Corporation,235.77000427246097,-0.23751857676799
2023-12-01,NDSN,236.2327880859375,238.8000030517578,238.83999633789065,235.22999572753903,235.5099945068359,178900.0,Nordson Corporation,235.77000427246097,1.2851502415020164
2023-12-08,NDSN,236.5889129638672,239.16000366210932,242.7599945068359,239.0500030517578,241.6300048828125,235000.0,Nordson Corporation,235.77000427246097,1.437841679695108
2023-12-15,NDSN,249.2512969970703,251.9600067138672,257.0400085449219,250.2100067138672,251.5399932861328,603700.0,Nordson Corporation,235.77000427246097,6.866862683132796
2023-12-22,NDSN,259.2499084472656,261.3599853515625,262.42999267578125,258.2699890136719,259.8399963378906,207200.0,Nordson Corporation,235.77000427246097,10.853789971318486
2023-12-29,NDSN,262.0273132324219,264.1600036621094,265.989990234375,263.3599853515625,263.6199951171875,155200.0,Nordson Corporation,235.77000427246097,12.041395798950024
2024-01-05,NDSN,247.7138214111328,249.72999572753903,252.25,249.63999938964844,250.8800048828125,177100.0,Nordson Corporation,235.77000427246097,5.921020995930252
2024-01-12,NDSN,249.58856201171875,251.6199951171875,253.38999938964844,250.27000427246097,253.38999938964844,104500.0,Nordson Corporation,235.77000427246097,6.722649428470103
2024-01-19,NDSN,251.3740234375,253.4199981689453,254.19000244140625,249.83999633789065,252.5500030517578,249000.0,Nordson Corporation,235.77000427246097,7.486106619435621
2024-01-26,NDSN,250.1638641357422,252.1999969482422,254.83999633789065,251.27999877929688,254.42999267578125,148500.0,Nordson Corporation,235.77000427246097,6.968652660664315
2024-02-02,NDSN,254.6275634765625,256.70001220703125,258.5199890136719,254.1300048828125,256.1700134277344,195700.0,Nordson Corporation,235.77000427246097,8.877298874026023
2024-02-09,NDSN,261.5015869140625,263.6300048828125,263.94000244140625,260.8099975585937,262.3699951171875,149100.0,Nordson Corporation,235.77000427246097,11.816600969373486
2024-02-16,NDSN,262.610107421875,264.07000732421875,267.4599914550781,263.3099975585937,264.17999267578125,197200.0,Nordson Corporation,235.77000427246097,12.003224557375706
2024-02-23,NDSN,272.19677734375,273.7099914550781,275.3800048828125,271.4700012207031,274.9599914550781,280700.0,Nordson Corporation,235.77000427246097,16.09194829498874
2024-03-01,NDSN,264.618896484375,266.0899963378906,266.57000732421875,264.4200134277344,265.1099853515625,230900.0,Nordson Corporation,235.77000427246097,12.859987070446508
2024-03-08,NDSN,263.2962646484375,264.760009765625,268.9100036621094,263.5799865722656,267.3900146484375,212600.0,Nordson Corporation,235.77000427246097,12.295883686570471
2024-03-15,NDSN,261.7449035644531,263.20001220703125,265.79998779296875,262.6499938964844,263.0,516300.0,Nordson Corporation,235.77000427246097,11.634222945032295
2024-03-22,NDSN,267.0354919433594,268.5199890136719,270.989990234375,266.94000244140625,270.989990234375,189600.0,Nordson Corporation,235.77000427246097,13.890649424328087
2024-04-05,NDSN,269.63104248046875,271.1300048828125,272.0599975585937,269.32000732421875,271.6400146484375,171700.0,Nordson Corporation,235.77000427246097,14.99766720514996
2024-04-12,NDSN,263.1868591308594,264.6499938964844,267.07000732421875,262.739990234375,267.07000732421875,218700.0,Nordson Corporation,235.77000427246097,12.249221317674094
2024-04-19,NDSN,258.15484619140625,259.5899963378906,261.1000061035156,257.7099914550781,258.6700134277344,145200.0,Nordson Corporation,235.77000427246097,10.103062999440231
2024-04-26,NDSN,258.9603576660156,260.3999938964844,261.8800048828125,259.010009765625,259.4200134277344,165600.0,Nordson Corporation,235.77000427246097,10.44661711740076
2024-05-03,NDSN,264.1415405273437,265.6099853515625,266.07000732421875,262.8299865722656,264.44000244140625,171200.0,Nordson Corporation,235.77000427246097,12.65639417159182
2024-05-10,NDSN,277.3481750488281,278.8900146484375,279.3800048828125,275.5400085449219,278.0,364600.0,Nordson Corporation,235.77000427246097,18.28901454578001
2024-05-17,NDSN,270.1481628417969,271.6499938964844,272.3900146484375,269.510009765625,271.8299865722656,810300.0,Nordson Corporation,235.77000427246097,15.218216471065466
2024-05-24,NDSN,237.2183532714844,237.94000244140625,239.3999938964844,236.42999267578125,238.0,222200.0,Nordson Corporation,235.77000427246097,0.9203877209238148
2024-05-31,NDSN,234.00811767578125,234.72000122070312,235.1000061035156,229.67999267578125,231.3500061035156,398400.0,Nordson Corporation,235.77000427246097,-0.445350567387883
2024-06-07,NDSN,225.4640960693359,226.1499938964844,226.8999938964844,224.6199951171875,226.0,187900.0,Nordson Corporation,235.77000427246097,-4.080252025978448
2024-06-14,NDSN,228.02630615234372,228.72000122070312,232.1199951171875,225.72000122070312,231.2599945068359,166100.0,Nordson Corporation,235.77000427246097,-2.9902035560090603
2024-06-21,NDSN,230.61843872070312,231.32000732421875,232.77000427246097,228.97000122070312,232.3699951171875,536700.0,Nordson Corporation,235.77000427246097,-1.88743133884822
2024-06-28,NDSN,231.23654174804688,231.94000244140625,233.5500030517578,229.07000732421875,231.27999877929688,444700.0,Nordson Corporation,235.77000427246097,-1.6244652676973623
2024-07-05,NDSN,225.92271423339844,226.6100006103516,227.66000366210932,224.1699981689453,226.8600006103516,181200.0,Nordson Corporation,235.77000427246097,-3.8851437825500073
2024-07-12,NDSN,236.4307403564453,237.1499938964844,239.2899932861328,235.80999755859372,237.27999877929688,171300.0,Nordson Corporation,235.77000427246097,0.5853117864937099
2024-07-19,NDSN,235.8923797607422,236.6100006103516,241.4199981689453,235.02999877929688,241.02999877929688,332900.0,Nordson Corporation,235.77000427246097,0.3562778651519548
2024-07-26,NDSN,245.2040557861328,245.9499969482422,247.3800048828125,241.63999938964844,242.8000030517578,234400.0,Nordson Corporation,235.77000427246097,4.317764130850589
2024-08-02,NDSN,240.64791870117188,241.3800048828125,242.0800018310547,236.3699951171875,241.1100006103516,305300.0,Nordson Corporation,235.77000427246097,2.379437803236621
2024-08-09,NDSN,233.7289581298828,234.44000244140625,236.27999877929688,233.33999633789065,235.6999969482422,171000.0,Nordson Corporation,235.77000427246097,-0.564109855771872
2024-08-16,NDSN,238.93313598632807,239.66000366210932,241.4199981689453,238.6100006103516,239.2100067138672,999800.0,Nordson Corporation,235.77000427246097,1.649912762080206
2024-08-23,NDSN,256.61932373046875,257.3999938964844,262.20001220703125,256.1499938964844,257.57000732421875,371600.0,Nordson Corporation,235.77000427246097,9.17419062309017
2024-08-30,NDSN,256.5599975585937,256.5599975585937,256.8699951171875,253.27999877929688,255.7400054931641,252500.0,Nordson Corporation,235.77000427246097,8.817912757938204
2024-09-06,NDSN,244.27000427246097,244.27000427246097,248.66000366210932,242.6199951171875,246.83999633789065,170900.0,Nordson Corporation,235.77000427246097,3.605208400546667
2024-09-13,NDSN,251.80999755859372,251.80999755859372,252.0099945068359,248.5500030517578,249.2599945068359,144700.0,Nordson Corporation,235.77000427246097,6.803237475279772
2024-09-20,NDSN,255.5800018310547,255.5800018310547,258.8299865722656,254.0099945068359,258.6300048828125,452700.0,Nordson Corporation,235.77000427246097,8.402255248594242
2024-09-27,NDSN,261.6600036621094,261.6600036621094,265.8599853515625,260.5599975585937,262.0,162700.0,Nordson Corporation,235.77000427246097,10.981040387024535
2024-10-04,NDSN,252.0,252.0,257.9800109863281,250.72999572753903,257.9800109863281,260100.0,Nordson Corporation,235.77000427246097,6.883825522089442
2024-10-11,NDSN,256.6199951171875,256.6199951171875,257.9599914550781,253.6000061035156,253.6000061035156,111700.0,Nordson Corporation,235.77000427246097,8.843360252321084
2024-10-18,NDSN,257.1700134277344,257.1700134277344,257.5899963378906,253.9900054931641,256.6600036621094,246200.0,Nordson Corporation,235.77000427246097,9.076646209219682
2024-10-25,NDSN,248.1000061035156,248.1000061035156,251.6000061035156,247.8500061035156,249.83999633789065,135300.0,Nordson Corporation,235.77000427246097,5.229673668243994
2024-11-01,NDSN,249.02999877929688,249.02999877929688,251.58999633789065,247.9199981689453,248.19000244140625,191600.0,Nordson Corporation,235.77000427246097,5.624122774970292
2024-11-08,NDSN,261.44000244140625,261.44000244140625,264.25,259.29998779296875,260.1000061035156,165300.0,Nordson Corporation,235.77000427246097,10.887728593023423
2024-11-15,NDSN,254.77999877929688,254.77999877929688,259.2699890136719,254.07000732421875,257.0400085449219,290500.0,Nordson Corporation,235.77000427246097,8.06294022239892
2024-11-22,NDSN,261.2699890136719,261.2699890136719,261.7900085449219,257.239990234375,257.239990234375,201100.0,Nordson Corporation,235.77000427246097,10.815618729744166
2024-11-29,NDSN,260.989990234375,260.989990234375,261.3900146484375,258.5799865722656,259.739990234375,122000.0,Nordson Corporation,235.77000427246097,10.69685944136018
2024-12-06,NDSN,254.3999938964844,254.3999938964844,257.0599975585937,253.3500061035156,255.22999572753903,235900.0,Nordson Corporation,235.77000427246097,7.901764128779594
2024-12-13,NDSN,226.4600067138672,226.4600067138672,229.55999755859372,223.8300018310547,226.25,720300.0,Nordson Corporation,235.77000427246097,-3.948762518507207
