Date,Stock,Price,Price_start,Value,name,industry
2023-01-03,TSLA,108.1,108.1,0.0,Stock A,general
2023-01-04,TSLA,113.64,108.1,0.051248843663274805,Stock A,general
2023-01-05,TSLA,110.34,108.1,0.020721554116558828,Stock A,general
2023-01-06,TSLA,113.06,108.1,0.04588344125809443,Stock A,general
2023-01-09,TSLA,119.77,108.1,0.10795559666975026,Stock A,general
2023-01-10,TSLA,118.85,108.1,0.09944495837187789,Stock A,general
2023-01-11,TSLA,123.22,108.1,0.13987049028677156,Stock A,general
2023-01-12,TSLA,123.56,108.1,0.14301572617946354,Stock A,general
2023-01-13,TSLA,122.4,108.1,0.1322849213691028,Stock A,general
2023-01-17,TSLA,131.49,108.1,0.21637372802960236,Stock A,general
2023-01-18,TSLA,128.78,108.1,0.19130434782608702,Stock A,general
2023-01-19,TSLA,127.17,108.1,0.17641073080481043,Stock A,general
2023-01-20,TSLA,133.42,108.1,0.23422756706753,Stock A,general
2023-01-23,TSLA,143.75,108.1,0.3297872340425533,Stock A,general
2023-01-24,TSLA,143.89,108.1,0.33108233117483804,Stock A,general
2023-01-25,TSLA,144.43,108.1,0.3360777058279372,Stock A,general
2023-01-26,TSLA,160.27,108.1,0.48260869565217407,Stock A,general
2023-01-27,TSLA,177.9,108.1,0.6456984273820537,Stock A,general
2023-01-30,TSLA,166.66,108.1,0.5417206290471785,Stock A,general
2023-01-31,TSLA,173.22,108.1,0.6024051803885292,Stock A,general
2023-02-01,TSLA,181.41,108.1,0.678168362627197,Stock A,general
2023-02-02,TSLA,188.27,108.1,0.7416281221091584,Stock A,general
2023-02-03,TSLA,189.98,108.1,0.7574468085106383,Stock A,general
2023-02-06,TSLA,194.76,108.1,0.8016651248843664,Stock A,general
2023-02-07,TSLA,196.81,108.1,0.8206290471785385,Stock A,general
2023-02-08,TSLA,201.29,108.1,0.8620721554116559,Stock A,general
2023-02-09,TSLA,207.32,108.1,0.9178538390379278,Stock A,general
2023-02-10,TSLA,196.89,108.1,0.8213691026827011,Stock A,general
2023-02-13,TSLA,194.64,108.1,0.8005550416281221,Stock A,general
2023-02-14,TSLA,209.25,108.1,0.9357076780758558,Stock A,general
2023-02-15,TSLA,214.24,108.1,0.9818686401480113,Stock A,general
2023-02-16,TSLA,202.04,108.1,0.8690101757631823,Stock A,general
2023-02-17,TSLA,208.31,108.1,0.9270120259019428,Stock A,general
2023-02-22,TSLA,200.86,108.1,0.858094357076781,Stock A,general
2023-02-23,TSLA,202.07,108.1,0.8692876965772434,Stock A,general
2023-02-24,TSLA,196.88,108.1,0.8212765957446809,Stock A,general
2023-02-27,TSLA,207.63,108.1,0.9207215541165588,Stock A,general
2023-02-28,TSLA,205.71,108.1,0.9029602220166514,Stock A,general
2023-03-01,TSLA,202.77,108.1,0.8757631822386681,Stock A,general
2023-03-02,TSLA,190.9,108.1,0.7659574468085107,Stock A,general
2023-03-03,TSLA,197.79,108.1,0.8296947271045328,Stock A,general
2023-03-06,TSLA,193.81,108.1,0.792876965772433,Stock A,general
2023-03-07,TSLA,187.71,108.1,0.7364477335800187,Stock A,general
2023-03-08,TSLA,182.0,108.1,0.6836262719703978,Stock A,general
2023-03-09,TSLA,172.92,108.1,0.5996299722479186,Stock A,general
2023-03-10,TSLA,173.44,108.1,0.6044403330249769,Stock A,general
2023-03-13,TSLA,174.48,108.1,0.6140610545790934,Stock A,general
2023-03-14,TSLA,183.26,108.1,0.6952821461609621,Stock A,general
2023-03-15,TSLA,180.45,108.1,0.6692876965772433,Stock A,general
2023-03-16,TSLA,184.13,108.1,0.7033302497687327,Stock A,general
2023-03-17,TSLA,180.13,108.1,0.666327474560592,Stock A,general
2023-03-20,TSLA,183.25,108.1,0.6951896392229419,Stock A,general
2023-03-21,TSLA,197.58,108.1,0.8277520814061057,Stock A,general
2023-03-22,TSLA,191.15,108.1,0.7682701202590195,Stock A,general
2023-03-23,TSLA,192.22,108.1,0.7781683626271971,Stock A,general
2023-03-24,TSLA,190.41,108.1,0.7614246068455135,Stock A,general
2023-03-27,TSLA,191.81,108.1,0.7743755781683628,Stock A,general
2023-03-28,TSLA,189.19,108.1,0.7501387604070306,Stock A,general
2023-03-29,TSLA,193.88,108.1,0.7935245143385754,Stock A,general
2023-03-30,TSLA,195.28,108.1,0.8064754856614247,Stock A,general
2023-03-31,TSLA,207.46,108.1,0.919148936170213,Stock A,general
2023-04-03,TSLA,194.77,108.1,0.8017576318223869,Stock A,general
2023-04-04,TSLA,192.58,108.1,0.7814986123959299,Stock A,general
2023-04-05,TSLA,185.52,108.1,0.7161887141535617,Stock A,general
2023-04-06,TSLA,185.06,108.1,0.7119333950046255,Stock A,general
2023-04-10,TSLA,184.51,108.1,0.706845513413506,Stock A,general
2023-04-11,TSLA,186.79,108.1,0.7279370952821462,Stock A,general
2023-04-12,TSLA,180.54,108.1,0.6701202590194265,Stock A,general
2023-04-13,TSLA,185.9,108.1,0.7197039777983351,Stock A,general
2023-04-14,TSLA,185.0,108.1,0.7113783533765033,Stock A,general
2023-04-17,TSLA,187.04,108.1,0.730249768732655,Stock A,general
2023-04-18,TSLA,184.31,108.1,0.7049953746530991,Stock A,general
2023-04-19,TSLA,180.59,108.1,0.6705827937095283,Stock A,general
2023-04-20,TSLA,162.99,108.1,0.5077705827937097,Stock A,general
2023-04-21,TSLA,165.08,108.1,0.5271045328399632,Stock A,general
2023-04-24,TSLA,162.55,108.1,0.5037002775208143,Stock A,general
2023-04-25,TSLA,160.67,108.1,0.48630897317298794,Stock A,general
2023-04-26,TSLA,153.75,108.1,0.4222941720629048,Stock A,general
2023-04-27,TSLA,160.19,108.1,0.4818686401480112,Stock A,general
2023-04-28,TSLA,164.31,108.1,0.5199814986123961,Stock A,general
2023-05-01,TSLA,161.83,108.1,0.4970397779833489,Stock A,general
2023-05-02,TSLA,160.31,108.1,0.4829787234042554,Stock A,general
2023-05-03,TSLA,160.61,108.1,0.48575393154486607,Stock A,general
2023-05-04,TSLA,161.2,108.1,0.4912118408880666,Stock A,general
2023-05-05,TSLA,170.06,108.1,0.5731729879740982,Stock A,general
2023-05-08,TSLA,171.79,108.1,0.5891766882516188,Stock A,general
2023-05-09,TSLA,169.15,108.1,0.5647548566142462,Stock A,general
2023-05-10,TSLA,168.54,108.1,0.5591119333950046,Stock A,general
2023-05-11,TSLA,172.08,108.1,0.5918593894542092,Stock A,general
2023-05-12,TSLA,167.98,108.1,0.5539315448658649,Stock A,general
2023-05-15,TSLA,166.35,108.1,0.5388529139685476,Stock A,general
2023-05-16,TSLA,166.52,108.1,0.5404255319148938,Stock A,general
2023-05-17,TSLA,173.86,108.1,0.6083256244218318,Stock A,general
2023-05-18,TSLA,176.89,108.1,0.6363552266419981,Stock A,general
2023-05-19,TSLA,180.14,108.1,0.6664199814986124,Stock A,general
2023-05-22,TSLA,188.87,108.1,0.7471785383903794,Stock A,general
2023-05-23,TSLA,185.77,108.1,0.7185013876040705,Stock A,general
2023-05-24,TSLA,182.9,108.1,0.6919518963922295,Stock A,general
2023-05-25,TSLA,184.47,108.1,0.7064754856614247,Stock A,general
2023-05-26,TSLA,193.17,108.1,0.7869565217391304,Stock A,general
2023-05-31,TSLA,203.93,108.1,0.8864939870490288,Stock A,general
2023-06-01,TSLA,207.52,108.1,0.9197039777983351,Stock A,general
2023-06-02,TSLA,213.97,108.1,0.9793709528214617,Stock A,general
2023-06-05,TSLA,217.61,108.1,1.0130434782608697,Stock A,general
2023-06-06,TSLA,221.31,108.1,1.0472710453283998,Stock A,general
2023-06-07,TSLA,224.57,108.1,1.0774283071230342,Stock A,general
2023-06-08,TSLA,234.86,108.1,1.1726179463459763,Stock A,general
2023-06-09,TSLA,244.4,108.1,1.2608695652173916,Stock A,general
2023-06-12,TSLA,249.83,108.1,1.3111008325624425,Stock A,general
2023-06-13,TSLA,258.71,108.1,1.3932469935245142,Stock A,general
2023-06-14,TSLA,256.79,108.1,1.3754856614246072,Stock A,general
2023-06-15,TSLA,255.9,108.1,1.3672525439407957,Stock A,general
2023-06-16,TSLA,260.54,108.1,1.410175763182239,Stock A,general
2023-06-20,TSLA,274.45,108.1,1.5388529139685476,Stock A,general
2023-06-21,TSLA,259.46,108.1,1.4001850138760406,Stock A,general
2023-06-22,TSLA,264.61,108.1,1.447826086956522,Stock A,general
2023-06-23,TSLA,256.6,108.1,1.3737280296022205,Stock A,general
2023-06-26,TSLA,241.05,108.1,1.2298797409805737,Stock A,general
2023-06-27,TSLA,250.21,108.1,1.3146160962072158,Stock A,general
2023-06-28,TSLA,256.24,108.1,1.3703977798334877,Stock A,general
2023-06-29,TSLA,257.5,108.1,1.382053654024052,Stock A,general
2023-06-30,TSLA,261.77,108.1,1.4215541165587418,Stock A,general
2023-07-03,TSLA,279.82,108.1,1.5885291396854764,Stock A,general
2023-07-05,TSLA,282.48,108.1,1.6131359851988902,Stock A,general
2023-07-06,TSLA,276.54,108.1,1.5581868640148013,Stock A,general
2023-07-07,TSLA,274.43,108.1,1.5386679000925072,Stock A,general
2023-07-10,TSLA,269.61,108.1,1.4940795559666977,Stock A,general
2023-07-11,TSLA,269.79,108.1,1.4957446808510642,Stock A,general
2023-07-12,TSLA,271.99,108.1,1.5160962072155413,Stock A,general
2023-07-13,TSLA,277.9,108.1,1.5707678075855689,Stock A,general
2023-07-14,TSLA,281.38,108.1,1.6029602220166514,Stock A,general
2023-07-17,TSLA,290.38,108.1,1.6862164662349677,Stock A,general
2023-07-18,TSLA,293.34,108.1,1.7135985198889916,Stock A,general
2023-07-19,TSLA,291.26,108.1,1.6943570767807585,Stock A,general
2023-07-20,TSLA,262.9,108.1,1.4320074005550416,Stock A,general
2023-07-21,TSLA,260.02,108.1,1.4053654024051803,Stock A,general
2023-07-24,TSLA,269.06,108.1,1.4889916743755782,Stock A,general
2023-07-25,TSLA,265.28,108.1,1.4540240518038852,Stock A,general
2023-07-26,TSLA,264.35,108.1,1.445420906567993,Stock A,general
2023-07-27,TSLA,255.71,108.1,1.365494912118409,Stock A,general
2023-07-28,TSLA,266.44,108.1,1.464754856614246,Stock A,general
2023-07-31,TSLA,267.43,108.1,1.473913043478261,Stock A,general
2023-08-01,TSLA,261.07,108.1,1.4150786308973173,Stock A,general
2023-08-02,TSLA,254.11,108.1,1.3506938020351529,Stock A,general
2023-08-03,TSLA,259.32,108.1,1.3988899167437558,Stock A,general
2023-08-04,TSLA,253.86,108.1,1.348381128584644,Stock A,general
2023-08-07,TSLA,251.45,108.1,1.3260869565217392,Stock A,general
2023-08-08,TSLA,249.7,108.1,1.3098982423681775,Stock A,general
2023-08-09,TSLA,242.19,108.1,1.2404255319148938,Stock A,general
2023-08-10,TSLA,245.34,108.1,1.2695652173913046,Stock A,general
2023-08-11,TSLA,242.65,108.1,1.2446808510638299,Stock A,general
2023-08-14,TSLA,239.76,108.1,1.2179463459759483,Stock A,general
2023-08-15,TSLA,232.96,108.1,1.1550416281221094,Stock A,general
2023-08-16,TSLA,225.6,108.1,1.0869565217391306,Stock A,general
2023-08-17,TSLA,219.22,108.1,1.0279370952821463,Stock A,general
2023-08-18,TSLA,215.49,108.1,0.9934320074005553,Stock A,general
2023-08-21,TSLA,231.28,108.1,1.1395004625346903,Stock A,general
2023-08-22,TSLA,233.19,108.1,1.1571692876965773,Stock A,general
2023-08-23,TSLA,236.86,108.1,1.1911193339500465,Stock A,general
2023-08-24,TSLA,230.04,108.1,1.1280296022201666,Stock A,general
2023-08-25,TSLA,238.59,108.1,1.2071230342275672,Stock A,general
2023-08-28,TSLA,238.82,108.1,1.2092506938020353,Stock A,general
2023-08-29,TSLA,257.18,108.1,1.3790934320074006,Stock A,general
2023-08-30,TSLA,256.9,108.1,1.3765032377428306,Stock A,general
2023-08-31,TSLA,258.08,108.1,1.3874190564292321,Stock A,general
2023-09-01,TSLA,245.01,108.1,1.2665124884366328,Stock A,general
2023-09-05,TSLA,256.49,108.1,1.3727104532839964,Stock A,general
2023-09-06,TSLA,251.92,108.1,1.3304347826086957,Stock A,general
2023-09-07,TSLA,251.49,108.1,1.3264569842738207,Stock A,general
2023-09-08,TSLA,248.5,108.1,1.2987974098057355,Stock A,general
2023-09-11,TSLA,273.58,108.1,1.530804810360777,Stock A,general
2023-09-12,TSLA,267.48,108.1,1.474375578168363,Stock A,general
2023-09-13,TSLA,271.3,108.1,1.509713228492137,Stock A,general
2023-09-14,TSLA,276.04,108.1,1.5535615171137838,Stock A,general
2023-09-15,TSLA,274.39,108.1,1.5382978723404255,Stock A,general
2023-09-18,TSLA,265.28,108.1,1.4540240518038852,Stock A,general
2023-09-19,TSLA,266.5,108.1,1.4653098982423682,Stock A,general
2023-09-20,TSLA,262.59,108.1,1.4291396854764107,Stock A,general
2023-09-21,TSLA,255.7,108.1,1.3654024051803886,Stock A,general
2023-09-22,TSLA,244.88,108.1,1.2653098982423683,Stock A,general
2023-09-25,TSLA,246.99,108.1,1.2848288621646626,Stock A,general
2023-09-26,TSLA,244.12,108.1,1.2582793709528217,Stock A,general
2023-09-27,TSLA,240.5,108.1,1.2247918593894542,Stock A,general
2023-09-28,TSLA,246.38,108.1,1.279185938945421,Stock A,general
2023-09-29,TSLA,250.22,108.1,1.314708603145236,Stock A,general
2023-10-02,TSLA,251.6,108.1,1.3274745605920444,Stock A,general
2023-10-03,TSLA,246.53,108.1,1.2805735430157263,Stock A,general
2023-10-04,TSLA,261.16,108.1,1.4159111933395008,Stock A,general
2023-10-05,TSLA,260.05,108.1,1.4056429232192418,Stock A,general
2023-10-06,TSLA,260.53,108.1,1.4100832562442183,Stock A,general
2023-10-09,TSLA,259.67,108.1,1.4021276595744683,Stock A,general
2023-10-10,TSLA,263.62,108.1,1.4386679000925071,Stock A,general
2023-10-11,TSLA,262.99,108.1,1.432839962997225,Stock A,general
2023-10-12,TSLA,258.87,108.1,1.3947271045328402,Stock A,general
2023-10-13,TSLA,251.12,108.1,1.3230342275670677,Stock A,general
2023-10-16,TSLA,253.92,108.1,1.348936170212766,Stock A,general
2023-10-17,TSLA,254.85,108.1,1.3575393154486588,Stock A,general
2023-10-18,TSLA,242.68,108.1,1.244958371877891,Stock A,general
2023-10-19,TSLA,220.11,108.1,1.0361702127659578,Stock A,general
2023-10-20,TSLA,211.99,108.1,0.9610545790934322,Stock A,general
2023-10-23,TSLA,212.08,108.1,0.9618871415356154,Stock A,general
2023-10-24,TSLA,216.52,108.1,1.0029602220166514,Stock A,general
2023-10-25,TSLA,212.42,108.1,0.9650323774283072,Stock A,general
2023-10-26,TSLA,205.76,108.1,0.903422756706753,Stock A,general
2023-10-27,TSLA,207.3,108.1,0.9176688251618873,Stock A,general
2023-10-30,TSLA,197.36,108.1,0.825716928769658,Stock A,general
2023-10-31,TSLA,200.84,108.1,0.8579093432007402,Stock A,general
2023-11-01,TSLA,205.66,108.1,0.9024976873265496,Stock A,general
2023-11-02,TSLA,218.51,108.1,1.0213691026827012,Stock A,general
2023-11-03,TSLA,219.96,108.1,1.0347826086956524,Stock A,general
2023-11-06,TSLA,219.27,108.1,1.0283996299722482,Stock A,general
2023-11-07,TSLA,222.18,108.1,1.0553191489361704,Stock A,general
2023-11-08,TSLA,222.11,108.1,1.054671600370028,Stock A,general
2023-11-09,TSLA,209.98,108.1,0.9424606845513414,Stock A,general
2023-11-10,TSLA,214.65,108.1,0.9856614246068457,Stock A,general
2023-11-13,TSLA,223.71,108.1,1.0694727104532842,Stock A,general
2023-11-14,TSLA,237.41,108.1,1.1962072155411656,Stock A,general
2023-11-15,TSLA,242.84,108.1,1.2464384828862167,Stock A,general
2023-11-16,TSLA,233.59,108.1,1.1608695652173915,Stock A,general
2023-11-17,TSLA,234.3,108.1,1.1674375578168366,Stock A,general
2023-11-20,TSLA,235.6,108.1,1.179463459759482,Stock A,general
2023-11-21,TSLA,241.2,108.1,1.2312673450508789,Stock A,general
2023-11-22,TSLA,234.21,108.1,1.1666049953746533,Stock A,general
2023-11-27,TSLA,236.08,108.1,1.1839037927844591,Stock A,general
2023-11-28,TSLA,246.72,108.1,1.282331174838113,Stock A,general
2023-11-29,TSLA,244.14,108.1,1.2584643848288621,Stock A,general
2023-11-30,TSLA,240.08,108.1,1.2209065679925997,Stock A,general
2023-12-01,TSLA,238.83,108.1,1.2093432007400557,Stock A,general
2023-12-04,TSLA,235.58,108.1,1.1792784458834416,Stock A,general
2023-12-05,TSLA,238.72,108.1,1.2083256244218317,Stock A,general
2023-12-06,TSLA,239.37,108.1,1.2143385753931546,Stock A,general
2023-12-07,TSLA,242.64,108.1,1.2445883441258094,Stock A,general
2023-12-08,TSLA,243.84,108.1,1.2556891766882519,Stock A,general
2023-12-11,TSLA,239.74,108.1,1.2177613320999077,Stock A,general
2023-12-12,TSLA,237.01,108.1,1.1925069380203515,Stock A,general
2023-12-13,TSLA,239.29,108.1,1.2135985198889918,Stock A,general
2023-12-14,TSLA,251.05,108.1,1.3223866790009253,Stock A,general
2023-12-15,TSLA,253.5,108.1,1.3450508788159112,Stock A,general
2023-12-18,TSLA,252.08,108.1,1.3319148936170215,Stock A,general
2023-12-19,TSLA,257.22,108.1,1.3794634597594824,Stock A,general
2023-12-20,TSLA,247.14,108.1,1.2862164662349675,Stock A,general
2023-12-21,TSLA,254.5,108.1,1.3543015726179464,Stock A,general
2023-12-22,TSLA,252.54,108.1,1.3361702127659576,Stock A,general
2023-12-26,TSLA,256.61,108.1,1.3738205365402407,Stock A,general
2023-12-27,TSLA,261.44,108.1,1.4185013876040704,Stock A,general
2023-12-28,TSLA,253.18,108.1,1.34209065679926,Stock A,general
2023-12-29,TSLA,248.48,108.1,1.2986123959296947,Stock A,general
2024-01-02,TSLA,248.42,108.1,1.2980573543015725,Stock A,general
2023-01-03,PSNY,5.32,5.32,0.0,Stock B,general
2023-01-04,PSNY,5.49,5.32,0.0319548872180451,Stock B,general
2023-01-05,PSNY,5.65,5.32,0.062030075187969935,Stock B,general
2023-01-06,PSNY,5.65,5.32,0.062030075187969935,Stock B,general
2023-01-09,PSNY,5.55,5.32,0.04323308270676683,Stock B,general
2023-01-10,PSNY,5.82,5.32,0.09398496240601503,Stock B,general
2023-01-11,PSNY,5.73,5.32,0.07706766917293235,Stock B,general
2023-01-12,PSNY,5.89,5.32,0.10714285714285703,Stock B,general
2023-01-13,PSNY,5.95,5.32,0.11842105263157893,Stock B,general
2023-01-17,PSNY,5.75,5.32,0.08082706766917287,Stock B,general
2023-01-18,PSNY,5.51,5.32,0.03571428571428562,Stock B,general
2023-01-19,PSNY,5.42,5.32,0.01879699248120294,Stock B,general
2023-01-20,PSNY,5.6,5.32,0.0526315789473683,Stock B,general
2023-01-23,PSNY,5.78,5.32,0.08646616541353383,Stock B,general
2023-01-24,PSNY,5.66,5.32,0.0639097744360902,Stock B,general
2023-01-25,PSNY,5.69,5.32,0.06954887218045114,Stock B,general
2023-01-26,PSNY,5.84,5.32,0.09774436090225555,Stock B,general
2023-01-27,PSNY,6.08,5.32,0.14285714285714282,Stock B,general
2023-01-30,PSNY,5.62,5.32,0.056390977443608985,Stock B,general
2023-01-31,PSNY,5.6,5.32,0.0526315789473683,Stock B,general
2023-02-01,PSNY,5.72,5.32,0.07518796992481193,Stock B,general
2023-02-02,PSNY,6.27,5.32,0.17857142857142844,Stock B,general
2023-02-03,PSNY,6.05,5.32,0.13721804511278185,Stock B,general
2023-02-06,PSNY,5.93,5.32,0.11466165413533823,Stock B,general
2023-02-07,PSNY,5.94,5.32,0.11654135338345865,Stock B,general
2023-02-08,PSNY,5.94,5.32,0.11654135338345865,Stock B,general
2023-02-09,PSNY,5.73,5.32,0.07706766917293235,Stock B,general
2023-02-10,PSNY,5.62,5.32,0.056390977443608985,Stock B,general
2023-02-13,PSNY,5.67,5.32,0.06578947368421045,Stock B,general
2023-02-14,PSNY,5.59,5.32,0.050751879699248034,Stock B,general
2023-02-15,PSNY,5.6,5.32,0.0526315789473683,Stock B,general
2023-02-16,PSNY,5.38,5.32,0.011278195488721731,Stock B,general
2023-02-17,PSNY,5.38,5.32,0.011278195488721731,Stock B,general
2023-02-22,PSNY,5.26,5.32,-0.011278195488721898,Stock B,general
2023-02-23,PSNY,5.26,5.32,-0.011278195488721898,Stock B,general
2023-02-24,PSNY,4.91,5.32,-0.07706766917293235,Stock B,general
2023-02-27,PSNY,5.29,5.32,-0.005639097744360949,Stock B,general
2023-02-28,PSNY,5.32,5.32,0.0,Stock B,general
2023-03-01,PSNY,5.05,5.32,-0.05075187969924821,Stock B,general
2023-03-02,PSNY,5.35,5.32,0.005639097744360781,Stock B,general
2023-03-03,PSNY,5.23,5.32,-0.016917293233082678,Stock B,general
2023-03-06,PSNY,5.08,5.32,-0.04511278195488726,Stock B,general
2023-03-07,PSNY,4.75,5.32,-0.10714285714285719,Stock B,general
2023-03-08,PSNY,4.83,5.32,-0.09210526315789477,Stock B,general
2023-03-09,PSNY,4.59,5.32,-0.13721804511278202,Stock B,general
2023-03-10,PSNY,4.5,5.32,-0.1541353383458647,Stock B,general
2023-03-13,PSNY,4.29,5.32,-0.193609022556391,Stock B,general
2023-03-14,PSNY,3.98,5.32,-0.25187969924812037,Stock B,general
2023-03-15,PSNY,3.93,5.32,-0.26127819548872183,Stock B,general
2023-03-16,PSNY,4.17,5.32,-0.21616541353383464,Stock B,general
2023-03-17,PSNY,3.71,5.32,-0.3026315789473685,Stock B,general
2023-03-20,PSNY,3.55,5.32,-0.3327067669172933,Stock B,general
2023-03-21,PSNY,3.58,5.32,-0.32706766917293234,Stock B,general
2023-03-22,PSNY,3.45,5.32,-0.35150375939849626,Stock B,general
2023-03-23,PSNY,3.33,5.32,-0.37406015037593987,Stock B,general
2023-03-24,PSNY,3.3,5.32,-0.3796992481203008,Stock B,general
2023-03-27,PSNY,3.25,5.32,-0.3890977443609023,Stock B,general
2023-03-28,PSNY,3.33,5.32,-0.37406015037593987,Stock B,general
2023-03-29,PSNY,3.59,5.32,-0.3251879699248121,Stock B,general
2023-03-30,PSNY,3.72,5.32,-0.3007518796992481,Stock B,general
2023-03-31,PSNY,3.79,5.32,-0.28759398496240607,Stock B,general
2023-04-03,PSNY,3.76,5.32,-0.293233082706767,Stock B,general
2023-04-04,PSNY,3.66,5.32,-0.31203007518796994,Stock B,general
2023-04-05,PSNY,3.4,5.32,-0.3609022556390978,Stock B,general
2023-04-06,PSNY,3.39,5.32,-0.36278195488721804,Stock B,general
2023-04-10,PSNY,3.6,5.32,-0.32330827067669177,Stock B,general
2023-04-11,PSNY,3.84,5.32,-0.27819548872180455,Stock B,general
2023-04-12,PSNY,3.77,5.32,-0.29135338345864664,Stock B,general
2023-04-13,PSNY,3.91,5.32,-0.2650375939849624,Stock B,general
2023-04-14,PSNY,3.76,5.32,-0.293233082706767,Stock B,general
2023-04-17,PSNY,3.9,5.32,-0.2669172932330828,Stock B,general
2023-04-18,PSNY,3.83,5.32,-0.2800751879699248,Stock B,general
2023-04-19,PSNY,3.65,5.32,-0.3139097744360903,Stock B,general
2023-04-20,PSNY,3.59,5.32,-0.3251879699248121,Stock B,general
2023-04-21,PSNY,3.69,5.32,-0.30639097744360905,Stock B,general
2023-04-24,PSNY,3.56,5.32,-0.33082706766917297,Stock B,general
2023-04-25,PSNY,3.5,5.32,-0.34210526315789475,Stock B,general
2023-04-26,PSNY,3.4,5.32,-0.3609022556390978,Stock B,general
2023-04-27,PSNY,3.64,5.32,-0.31578947368421056,Stock B,general
2023-04-28,PSNY,3.83,5.32,-0.2800751879699248,Stock B,general
2023-05-01,PSNY,3.75,5.32,-0.29511278195488727,Stock B,general
2023-05-02,PSNY,3.7,5.32,-0.30451127819548873,Stock B,general
2023-05-03,PSNY,3.75,5.32,-0.29511278195488727,Stock B,general
2023-05-04,PSNY,3.8,5.32,-0.2857142857142858,Stock B,general
2023-05-05,PSNY,3.95,5.32,-0.2575187969924812,Stock B,general
2023-05-08,PSNY,4.12,5.32,-0.2255639097744361,Stock B,general
2023-05-09,PSNY,3.97,5.32,-0.25375939849624063,Stock B,general
2023-05-10,PSNY,3.97,5.32,-0.25375939849624063,Stock B,general
2023-05-11,PSNY,3.47,5.32,-0.34774436090225563,Stock B,general
2023-05-12,PSNY,3.31,5.32,-0.3778195488721805,Stock B,general
2023-05-15,PSNY,3.28,5.32,-0.38345864661654144,Stock B,general
2023-05-16,PSNY,3.25,5.32,-0.3890977443609023,Stock B,general
2023-05-17,PSNY,3.44,5.32,-0.3533834586466166,Stock B,general
2023-05-18,PSNY,3.37,5.32,-0.36654135338345867,Stock B,general
2023-05-19,PSNY,3.27,5.32,-0.3853383458646617,Stock B,general
2023-05-22,PSNY,3.43,5.32,-0.35526315789473684,Stock B,general
2023-05-23,PSNY,3.35,5.32,-0.37030075187969924,Stock B,general
2023-05-24,PSNY,3.29,5.32,-0.3815789473684211,Stock B,general
2023-05-25,PSNY,3.3,5.32,-0.3796992481203008,Stock B,general
2023-05-26,PSNY,3.34,5.32,-0.3721804511278196,Stock B,general
2023-05-31,PSNY,3.41,5.32,-0.35902255639097747,Stock B,general
2023-06-01,PSNY,3.22,5.32,-0.39473684210526316,Stock B,general
2023-06-02,PSNY,3.29,5.32,-0.3815789473684211,Stock B,general
2023-06-05,PSNY,3.25,5.32,-0.3890977443609023,Stock B,general
2023-06-06,PSNY,3.39,5.32,-0.36278195488721804,Stock B,general
2023-06-07,PSNY,3.33,5.32,-0.37406015037593987,Stock B,general
2023-06-08,PSNY,3.33,5.32,-0.37406015037593987,Stock B,general
2023-06-09,PSNY,3.32,5.32,-0.37593984962406024,Stock B,general
2023-06-12,PSNY,3.48,5.32,-0.3458646616541354,Stock B,general
2023-06-13,PSNY,3.71,5.32,-0.3026315789473685,Stock B,general
2023-06-14,PSNY,3.72,5.32,-0.3007518796992481,Stock B,general
2023-06-15,PSNY,3.93,5.32,-0.26127819548872183,Stock B,general
2023-06-16,PSNY,4.03,5.32,-0.2424812030075188,Stock B,general
2023-06-20,PSNY,3.91,5.32,-0.2650375939849624,Stock B,general
2023-06-21,PSNY,3.61,5.32,-0.3214285714285715,Stock B,general
2023-06-22,PSNY,3.53,5.32,-0.3364661654135339,Stock B,general
2023-06-23,PSNY,3.53,5.32,-0.3364661654135339,Stock B,general
2023-06-26,PSNY,3.48,5.32,-0.3458646616541354,Stock B,general
2023-06-27,PSNY,3.69,5.32,-0.30639097744360905,Stock B,general
2023-06-28,PSNY,3.76,5.32,-0.293233082706767,Stock B,general
2023-06-29,PSNY,3.85,5.32,-0.27631578947368424,Stock B,general
2023-06-30,PSNY,3.82,5.32,-0.2819548872180452,Stock B,general
2023-07-03,PSNY,3.91,5.32,-0.2650375939849624,Stock B,general
2023-07-05,PSNY,4.04,5.32,-0.24060150375939854,Stock B,general
2023-07-06,PSNY,4.26,5.32,-0.19924812030075195,Stock B,general
2023-07-07,PSNY,4.49,5.32,-0.15601503759398497,Stock B,general
2023-07-10,PSNY,4.64,5.32,-0.12781954887218056,Stock B,general
2023-07-11,PSNY,4.8,5.32,-0.09774436090225572,Stock B,general
2023-07-12,PSNY,4.72,5.32,-0.11278195488721814,Stock B,general
2023-07-13,PSNY,4.71,5.32,-0.1146616541353384,Stock B,general
2023-07-14,PSNY,4.52,5.32,-0.1503759398496242,Stock B,general
2023-07-17,PSNY,4.63,5.32,-0.12969924812030081,Stock B,general
2023-07-18,PSNY,4.69,5.32,-0.11842105263157893,Stock B,general
2023-07-19,PSNY,4.58,5.32,-0.13909774436090228,Stock B,general
2023-07-20,PSNY,4.35,5.32,-0.1823308270676693,Stock B,general
2023-07-21,PSNY,4.23,5.32,-0.20488721804511276,Stock B,general
2023-07-24,PSNY,4.33,5.32,-0.1860902255639098,Stock B,general
2023-07-25,PSNY,4.11,5.32,-0.22744360902255636,Stock B,general
2023-07-26,PSNY,4.33,5.32,-0.1860902255639098,Stock B,general
2023-07-27,PSNY,4.22,5.32,-0.20676691729323318,Stock B,general
2023-07-28,PSNY,4.5,5.32,-0.1541353383458647,Stock B,general
2023-07-31,PSNY,4.48,5.32,-0.15789473684210523,Stock B,general
2023-08-01,PSNY,4.6,5.32,-0.13533834586466176,Stock B,general
2023-08-02,PSNY,4.34,5.32,-0.18421052631578955,Stock B,general
2023-08-03,PSNY,4.45,5.32,-0.16353383458646617,Stock B,general
2023-08-04,PSNY,4.24,5.32,-0.20300751879699247,Stock B,general
2023-08-07,PSNY,4.33,5.32,-0.1860902255639098,Stock B,general
2023-08-08,PSNY,4.25,5.32,-0.2011278195488722,Stock B,general
2023-08-09,PSNY,4.1,5.32,-0.2293233082706768,Stock B,general
2023-08-10,PSNY,4.1,5.32,-0.2293233082706768,Stock B,general
2023-08-11,PSNY,4.04,5.32,-0.24060150375939854,Stock B,general
2023-08-14,PSNY,4.01,5.32,-0.24624060150375948,Stock B,general
2023-08-15,PSNY,3.87,5.32,-0.2725563909774436,Stock B,general
2023-08-16,PSNY,3.78,5.32,-0.2894736842105264,Stock B,general
2023-08-17,PSNY,3.7,5.32,-0.30451127819548873,Stock B,general
2023-08-18,PSNY,3.61,5.32,-0.3214285714285715,Stock B,general
2023-08-21,PSNY,3.54,5.32,-0.33458646616541354,Stock B,general
2023-08-22,PSNY,3.59,5.32,-0.3251879699248121,Stock B,general
2023-08-23,PSNY,3.71,5.32,-0.3026315789473685,Stock B,general
2023-08-24,PSNY,3.62,5.32,-0.31954887218045114,Stock B,general
2023-08-25,PSNY,3.75,5.32,-0.29511278195488727,Stock B,general
2023-08-28,PSNY,3.81,5.32,-0.28383458646616544,Stock B,general
2023-08-29,PSNY,3.83,5.32,-0.2800751879699248,Stock B,general
2023-08-30,PSNY,3.83,5.32,-0.2800751879699248,Stock B,general
2023-08-31,PSNY,3.33,5.32,-0.37406015037593987,Stock B,general
2023-09-01,PSNY,3.32,5.32,-0.37593984962406024,Stock B,general
2023-09-05,PSNY,3.25,5.32,-0.3890977443609023,Stock B,general
2023-09-06,PSNY,3.13,5.32,-0.41165413533834594,Stock B,general
2023-09-07,PSNY,2.87,5.32,-0.4605263157894737,Stock B,general
2023-09-08,PSNY,2.79,5.32,-0.47556390977443613,Stock B,general
2023-09-11,PSNY,2.84,5.32,-0.4661654135338346,Stock B,general
2023-09-12,PSNY,2.78,5.32,-0.47744360902255645,Stock B,general
2023-09-13,PSNY,2.7,5.32,-0.4924812030075188,Stock B,general
2023-09-14,PSNY,2.74,5.32,-0.4849624060150376,Stock B,general
2023-09-15,PSNY,2.78,5.32,-0.47744360902255645,Stock B,general
2023-09-18,PSNY,2.59,5.32,-0.5131578947368421,Stock B,general
2023-09-19,PSNY,2.51,5.32,-0.5281954887218046,Stock B,general
2023-09-20,PSNY,2.45,5.32,-0.5394736842105263,Stock B,general
2023-09-21,PSNY,2.34,5.32,-0.5601503759398496,Stock B,general
2023-09-22,PSNY,2.24,5.32,-0.5789473684210527,Stock B,general
2023-09-25,PSNY,2.18,5.32,-0.5902255639097744,Stock B,general
2023-09-26,PSNY,2.4,5.32,-0.5488721804511278,Stock B,general
2023-09-27,PSNY,2.63,5.32,-0.505639097744361,Stock B,general
2023-09-28,PSNY,2.55,5.32,-0.5206766917293234,Stock B,general
2023-09-29,PSNY,2.64,5.32,-0.5037593984962406,Stock B,general
2023-10-02,PSNY,2.63,5.32,-0.505639097744361,Stock B,general
2023-10-03,PSNY,2.79,5.32,-0.47556390977443613,Stock B,general
2023-10-04,PSNY,2.65,5.32,-0.5018796992481204,Stock B,general
2023-10-05,PSNY,2.6,5.32,-0.5112781954887218,Stock B,general
2023-10-06,PSNY,2.66,5.32,-0.5,Stock B,general
2023-10-09,PSNY,2.69,5.32,-0.4943609022556391,Stock B,general
2023-10-10,PSNY,2.9,5.32,-0.45488721804511284,Stock B,general
2023-10-11,PSNY,2.83,5.32,-0.4680451127819549,Stock B,general
2023-10-12,PSNY,2.82,5.32,-0.46992481203007525,Stock B,general
2023-10-13,PSNY,2.83,5.32,-0.4680451127819549,Stock B,general
2023-10-16,PSNY,2.87,5.32,-0.4605263157894737,Stock B,general
2023-10-17,PSNY,2.78,5.32,-0.47744360902255645,Stock B,general
2023-10-18,PSNY,2.65,5.32,-0.5018796992481204,Stock B,general
2023-10-19,PSNY,2.49,5.32,-0.5319548872180451,Stock B,general
2023-10-20,PSNY,2.35,5.32,-0.5582706766917294,Stock B,general
2023-10-23,PSNY,2.33,5.32,-0.5620300751879699,Stock B,general
2023-10-24,PSNY,2.2,5.32,-0.5864661654135338,Stock B,general
2023-10-25,PSNY,2.08,5.32,-0.6090225563909775,Stock B,general
2023-10-26,PSNY,2.09,5.32,-0.6071428571428572,Stock B,general
2023-10-27,PSNY,2.04,5.32,-0.6165413533834586,Stock B,general
2023-10-30,PSNY,2.0,5.32,-0.6240601503759399,Stock B,general
2023-10-31,PSNY,2.01,5.32,-0.6221804511278196,Stock B,general
2023-11-01,PSNY,2.03,5.32,-0.618421052631579,Stock B,general
2023-11-02,PSNY,2.18,5.32,-0.5902255639097744,Stock B,general
2023-11-03,PSNY,2.29,5.32,-0.5695488721804511,Stock B,general
2023-11-06,PSNY,2.28,5.32,-0.5714285714285715,Stock B,general
2023-11-07,PSNY,2.23,5.32,-0.5808270676691729,Stock B,general
2023-11-08,PSNY,2.18,5.32,-0.5902255639097744,Stock B,general
2023-11-09,PSNY,1.99,5.32,-0.6259398496240601,Stock B,general
2023-11-10,PSNY,2.06,5.32,-0.6127819548872181,Stock B,general
2023-11-13,PSNY,2.07,5.32,-0.6109022556390978,Stock B,general
2023-11-14,PSNY,2.17,5.32,-0.5921052631578948,Stock B,general
2023-11-15,PSNY,2.23,5.32,-0.5808270676691729,Stock B,general
2023-11-16,PSNY,2.05,5.32,-0.6146616541353384,Stock B,general
2023-11-17,PSNY,2.08,5.32,-0.6090225563909775,Stock B,general
2023-11-20,PSNY,2.12,5.32,-0.6015037593984962,Stock B,general
2023-11-21,PSNY,2.03,5.32,-0.618421052631579,Stock B,general
2023-11-22,PSNY,2.06,5.32,-0.6127819548872181,Stock B,general
2023-11-27,PSNY,2.04,5.32,-0.6165413533834586,Stock B,general
2023-11-28,PSNY,2.08,5.32,-0.6090225563909775,Stock B,general
2023-11-29,PSNY,2.14,5.32,-0.5977443609022557,Stock B,general
2023-11-30,PSNY,2.21,5.32,-0.5845864661654135,Stock B,general
2023-12-01,PSNY,2.21,5.32,-0.5845864661654135,Stock B,general
2023-12-04,PSNY,2.23,5.32,-0.5808270676691729,Stock B,general
2023-12-05,PSNY,2.14,5.32,-0.5977443609022557,Stock B,general
2023-12-06,PSNY,2.17,5.32,-0.5921052631578948,Stock B,general
2023-12-07,PSNY,2.16,5.32,-0.5939849624060151,Stock B,general
2023-12-08,PSNY,2.27,5.32,-0.5733082706766918,Stock B,general
2023-12-11,PSNY,2.28,5.32,-0.5714285714285715,Stock B,general
2023-12-12,PSNY,2.22,5.32,-0.5827067669172932,Stock B,general
2023-12-13,PSNY,2.32,5.32,-0.5639097744360902,Stock B,general
2023-12-14,PSNY,2.52,5.32,-0.5263157894736842,Stock B,general
2023-12-15,PSNY,2.46,5.32,-0.5375939849624061,Stock B,general
2023-12-18,PSNY,2.4,5.32,-0.5488721804511278,Stock B,general
2023-12-19,PSNY,2.47,5.32,-0.5357142857142857,Stock B,general
2023-12-20,PSNY,2.28,5.32,-0.5714285714285715,Stock B,general
2023-12-21,PSNY,2.37,5.32,-0.5545112781954887,Stock B,general
2023-12-22,PSNY,2.3,5.32,-0.5676691729323309,Stock B,general
2023-12-26,PSNY,2.49,5.32,-0.5319548872180451,Stock B,general
2023-12-27,PSNY,2.5,5.32,-0.5300751879699248,Stock B,general
2023-12-28,PSNY,2.36,5.32,-0.5563909774436091,Stock B,general
2023-12-29,PSNY,2.26,5.32,-0.5751879699248121,Stock B,general
2024-01-02,PSNY,2.21,5.32,-0.5845864661654135,Stock B,general
2023-01-03,SHEL,55.98,55.98,0.0,Stock C,general
2023-01-04,SHEL,55.43,55.98,-0.009824937477670546,Stock C,general
2023-01-05,SHEL,55.48,55.98,-0.008931761343336907,Stock C,general
2023-01-06,SHEL,57.25,55.98,0.0226866738120758,Stock C,general
2023-01-09,SHEL,58.07,55.98,0.03733476241514833,Stock C,general
2023-01-10,SHEL,58.37,55.98,0.042693819221150425,Stock C,general
2023-01-11,SHEL,58.93,55.98,0.0526973919256878,Stock C,general
2023-01-12,SHEL,59.62,55.98,0.0650232225794927,Stock C,general
2023-01-13,SHEL,59.61,55.98,0.06484458735262599,Stock C,general
2023-01-17,SHEL,59.4,55.98,0.06109324758842447,Stock C,general
2023-01-18,SHEL,58.39,55.98,0.043051089674883955,Stock C,general
2023-01-19,SHEL,59.13,55.98,0.05627009646302261,Stock C,general
2023-01-20,SHEL,58.9,55.98,0.05216148624508756,Stock C,general
2023-01-23,SHEL,58.63,55.98,0.04733833511968571,Stock C,general
2023-01-24,SHEL,57.99,55.98,0.03590568060021446,Stock C,general
2023-01-25,SHEL,57.84,55.98,0.03322615219721341,Stock C,general
2023-01-26,SHEL,58.52,55.98,0.0453733476241516,Stock C,general
2023-01-27,SHEL,58.51,55.98,0.045194712397284766,Stock C,general
2023-01-30,SHEL,58.41,55.98,0.04340836012861736,Stock C,general
2023-01-31,SHEL,58.81,55.98,0.05055376920328699,Stock C,general
2023-02-01,SHEL,58.32,55.98,0.04180064308681678,Stock C,general
2023-02-02,SHEL,57.63,55.98,0.029474812433011893,Stock C,general
2023-02-03,SHEL,58.3,55.98,0.04144337263308325,Stock C,general
2023-02-06,SHEL,57.85,55.98,0.03340478742408011,Stock C,general
2023-02-07,SHEL,59.61,55.98,0.06484458735262599,Stock C,general
2023-02-08,SHEL,59.47,55.98,0.062343694176491646,Stock C,general
2023-02-09,SHEL,59.79,55.98,0.06806002143622727,Stock C,general
2023-02-10,SHEL,61.76,55.98,0.10325116112897466,Stock C,general
2023-02-13,SHEL,61.83,55.98,0.10450160771704183,Stock C,general
2023-02-14,SHEL,62.58,55.98,0.1178992497320472,Stock C,general
2023-02-15,SHEL,62.46,55.98,0.11575562700964638,Stock C,general
2023-02-16,SHEL,61.9,55.98,0.105752054305109,Stock C,general
2023-02-17,SHEL,60.66,55.98,0.08360128617363344,Stock C,general
2023-02-22,SHEL,58.95,55.98,0.05305466237942133,Stock C,general
2023-02-23,SHEL,60.26,55.98,0.07645587709896394,Stock C,general
2023-02-24,SHEL,60.63,55.98,0.08306538049303333,Stock C,general
2023-02-27,SHEL,61.2,55.98,0.09324758842443741,Stock C,general
2023-02-28,SHEL,60.77,55.98,0.08556627366916768,Stock C,general
2023-03-01,SHEL,61.94,55.98,0.10646659521257594,Stock C,general
2023-03-02,SHEL,62.42,55.98,0.11504108610217945,Stock C,general
2023-03-03,SHEL,62.3,55.98,0.1128974633797785,Stock C,general
2023-03-06,SHEL,62.57,55.98,0.1177206145051805,Stock C,general
2023-03-07,SHEL,61.6,55.98,0.1003929974991069,Stock C,general
2023-03-08,SHEL,61.37,55.98,0.09628438728117186,Stock C,general
2023-03-09,SHEL,60.66,55.98,0.08360128617363344,Stock C,general
2023-03-10,SHEL,60.36,55.98,0.07824222936763135,Stock C,general
2023-03-13,SHEL,59.1,55.98,0.05573419078242238,Stock C,general
2023-03-14,SHEL,59.4,55.98,0.06109324758842447,Stock C,general
2023-03-15,SHEL,55.55,55.98,-0.007681314755269735,Stock C,general
2023-03-16,SHEL,54.64,55.98,-0.023937120400142845,Stock C,general
2023-03-17,SHEL,53.95,55.98,-0.03626295105394774,Stock C,general
2023-03-20,SHEL,55.24,55.98,-0.01321900678813853,Stock C,general
2023-03-21,SHEL,57.12,55.98,0.02036441586280816,Stock C,general
2023-03-22,SHEL,56.85,55.98,0.015541264737406298,Stock C,general
2023-03-23,SHEL,55.97,55.98,-0.0001786352268667026,Stock C,general
2023-03-24,SHEL,54.57,55.98,-0.025187566988210015,Stock C,general
2023-03-27,SHEL,55.84,55.98,-0.002500893176134217,Stock C,general
2023-03-28,SHEL,56.17,55.98,0.003394069310468111,Stock C,general
2023-03-29,SHEL,57.12,55.98,0.02036441586280816,Stock C,general
2023-03-30,SHEL,57.94,55.98,0.03501250446588069,Stock C,general
2023-03-31,SHEL,57.54,55.98,0.02786709539121119,Stock C,general
2023-04-03,SHEL,60.51,55.98,0.08092175777063239,Stock C,general
2023-04-04,SHEL,59.5,55.98,0.06287959985709188,Stock C,general
2023-04-05,SHEL,59.87,55.98,0.06948910325116114,Stock C,general
2023-04-06,SHEL,60.57,55.98,0.08199356913183287,Stock C,general
2023-04-10,SHEL,60.8,55.98,0.08610217934976779,Stock C,general
2023-04-11,SHEL,60.78,55.98,0.08574490889603438,Stock C,general
2023-04-12,SHEL,61.38,55.98,0.09646302250803869,Stock C,general
2023-04-13,SHEL,62.07,55.98,0.10878885316184359,Stock C,general
2023-04-14,SHEL,62.06,55.98,0.10861021793497688,Stock C,general
2023-04-17,SHEL,61.49,55.98,0.0984280100035728,Stock C,general
2023-04-18,SHEL,61.91,55.98,0.10593068953197571,Stock C,general
2023-04-19,SHEL,61.5,55.98,0.09860664523043951,Stock C,general
2023-04-20,SHEL,61.65,55.98,0.10128617363344056,Stock C,general
2023-04-21,SHEL,61.46,55.98,0.09789210432297257,Stock C,general
2023-04-24,SHEL,62.0,55.98,0.1075384065737764,Stock C,general
2023-04-25,SHEL,60.71,55.98,0.08449446230796721,Stock C,general
2023-04-26,SHEL,60.49,55.98,0.08056448731689898,Stock C,general
2023-04-27,SHEL,60.68,55.98,0.08395855662736697,Stock C,general
2023-04-28,SHEL,61.98,55.98,0.10718113612004287,Stock C,general
2023-05-01,SHEL,61.38,55.98,0.09646302250803869,Stock C,general
2023-05-02,SHEL,59.25,55.98,0.05841371918542342,Stock C,general
2023-05-03,SHEL,58.52,55.98,0.0453733476241516,Stock C,general
2023-05-04,SHEL,59.34,55.98,0.060021436227224126,Stock C,general
2023-05-05,SHEL,61.13,55.98,0.09199714183637024,Stock C,general
2023-05-08,SHEL,60.86,55.98,0.08717399071096825,Stock C,general
2023-05-09,SHEL,60.84,55.98,0.08681672025723484,Stock C,general
2023-05-10,SHEL,61.0,55.98,0.0896748838871026,Stock C,general
2023-05-11,SHEL,60.34,55.98,0.07788495891389795,Stock C,general
2023-05-12,SHEL,60.36,55.98,0.07824222936763135,Stock C,general
2023-05-15,SHEL,60.92,55.98,0.08824580207216873,Stock C,general
2023-05-16,SHEL,59.91,55.98,0.07020364415862808,Stock C,general
2023-05-17,SHEL,60.79,55.98,0.08592354412290108,Stock C,general
2023-05-18,SHEL,60.06,55.98,0.07288317256162925,Stock C,general
2023-05-19,SHEL,60.42,55.98,0.07931404072883182,Stock C,general
2023-05-22,SHEL,60.03,55.98,0.07234726688102902,Stock C,general
2023-05-23,SHEL,60.36,55.98,0.07824222936763135,Stock C,general
2023-05-24,SHEL,59.54,55.98,0.06359414076455881,Stock C,general
2023-05-25,SHEL,58.39,55.98,0.043051089674883955,Stock C,general
2023-05-26,SHEL,58.78,55.98,0.05001786352268675,Stock C,general
2023-05-31,SHEL,56.0,55.98,0.0003572704537335321,Stock C,general
2023-06-01,SHEL,57.09,55.98,0.019828510182208048,Stock C,general
2023-06-02,SHEL,58.26,55.98,0.04072883172561632,Stock C,general
2023-06-05,SHEL,57.71,55.98,0.03090389424794577,Stock C,general
2023-06-06,SHEL,57.7,55.98,0.030725259021079063,Stock C,general
2023-06-07,SHEL,58.2,55.98,0.03965702036441597,Stock C,general
2023-06-08,SHEL,58.84,55.98,0.05108967488388722,Stock C,general
2023-06-09,SHEL,58.43,55.98,0.04376563058235089,Stock C,general
2023-06-12,SHEL,57.82,55.98,0.03286888174347988,Stock C,general
2023-06-13,SHEL,58.39,55.98,0.043051089674883955,Stock C,general
2023-06-14,SHEL,59.36,55.98,0.06037870668095753,Stock C,general
2023-06-15,SHEL,60.68,55.98,0.08395855662736697,Stock C,general
2023-06-16,SHEL,60.35,55.98,0.07806359414076465,Stock C,general
2023-06-20,SHEL,60.33,55.98,0.0777063236870311,Stock C,general
2023-06-21,SHEL,60.75,55.98,0.08520900321543415,Stock C,general
2023-06-22,SHEL,60.09,55.98,0.07341907824222949,Stock C,general
2023-06-23,SHEL,59.6,55.98,0.06466595212575929,Stock C,general
2023-06-26,SHEL,60.2,55.98,0.0753840657377636,Stock C,general
2023-06-27,SHEL,59.94,55.98,0.07073954983922831,Stock C,general
2023-06-28,SHEL,59.64,55.98,0.06538049303322623,Stock C,general
2023-06-29,SHEL,59.85,55.98,0.06913183279742774,Stock C,general
2023-06-30,SHEL,60.38,55.98,0.07859949982136488,Stock C,general
2023-07-03,SHEL,60.86,55.98,0.08717399071096825,Stock C,general
2023-07-05,SHEL,59.86,55.98,0.06931046802429444,Stock C,general
2023-07-06,SHEL,58.53,55.98,0.0455519828510183,Stock C,general
2023-07-07,SHEL,59.65,55.98,0.06555912826009293,Stock C,general
2023-07-10,SHEL,59.92,55.98,0.0703822793854949,Stock C,general
2023-07-11,SHEL,60.87,55.98,0.08735262593783495,Stock C,general
2023-07-12,SHEL,61.79,55.98,0.10378706680957489,Stock C,general
2023-07-13,SHEL,62.11,55.98,0.10950339406931052,Stock C,general
2023-07-14,SHEL,60.68,55.98,0.08395855662736697,Stock C,general
2023-07-17,SHEL,60.81,55.98,0.08628081457663461,Stock C,general
2023-07-18,SHEL,61.04,55.98,0.09038942479456953,Stock C,general
2023-07-19,SHEL,61.73,55.98,0.10271525544837443,Stock C,general
2023-07-20,SHEL,62.6,55.98,0.11825652018578073,Stock C,general
2023-07-21,SHEL,62.97,55.98,0.12486602357985,Stock C,general
2023-07-24,SHEL,63.38,55.98,0.13219006788138632,Stock C,general
2023-07-25,SHEL,63.03,55.98,0.12593783494105046,Stock C,general
2023-07-26,SHEL,62.62,55.98,0.11861379063951413,Stock C,general
2023-07-27,SHEL,60.8,55.98,0.08610217934976779,Stock C,general
2023-07-28,SHEL,60.94,55.98,0.08860307252590213,Stock C,general
2023-07-31,SHEL,61.63,55.98,0.10092890317970715,Stock C,general
2023-08-01,SHEL,61.02,55.98,0.09003215434083613,Stock C,general
2023-08-02,SHEL,59.92,55.98,0.0703822793854949,Stock C,general
2023-08-03,SHEL,60.59,55.98,0.0823508395855664,Stock C,general
2023-08-04,SHEL,61.15,55.98,0.09235441229010365,Stock C,general
2023-08-07,SHEL,61.44,55.98,0.09753483386923903,Stock C,general
2023-08-08,SHEL,61.68,55.98,0.10182207931404079,Stock C,general
2023-08-09,SHEL,62.52,55.98,0.11682743837084685,Stock C,general
2023-08-10,SHEL,62.32,55.98,0.11325473383351203,Stock C,general
2023-08-11,SHEL,62.42,55.98,0.11504108610217945,Stock C,general
2023-08-14,SHEL,61.56,55.98,0.09967845659163997,Stock C,general
2023-08-15,SHEL,60.93,55.98,0.08842443729903543,Stock C,general
2023-08-16,SHEL,60.68,55.98,0.08395855662736697,Stock C,general
2023-08-17,SHEL,60.99,55.98,0.0894962486602359,Stock C,general
2023-08-18,SHEL,61.2,55.98,0.09324758842443741,Stock C,general
2023-08-21,SHEL,61.42,55.98,0.09717756341550562,Stock C,general
2023-08-22,SHEL,60.93,55.98,0.08842443729903543,Stock C,general
2023-08-23,SHEL,60.73,55.98,0.08485173276170062,Stock C,general
2023-08-24,SHEL,60.46,55.98,0.08002858163629875,Stock C,general
2023-08-25,SHEL,61.03,55.98,0.09021078956770283,Stock C,general
2023-08-28,SHEL,61.42,55.98,0.09717756341550562,Stock C,general
2023-08-29,SHEL,62.01,55.98,0.1077170418006431,Stock C,general
2023-08-30,SHEL,62.24,55.98,0.11182565201857816,Stock C,general
2023-08-31,SHEL,62.09,55.98,0.10914612361557711,Stock C,general
2023-09-01,SHEL,62.85,55.98,0.12272240085744918,Stock C,general
2023-09-05,SHEL,62.85,55.98,0.12272240085744918,Stock C,general
2023-09-06,SHEL,63.39,55.98,0.13236870310825302,Stock C,general
2023-09-07,SHEL,63.03,55.98,0.12593783494105046,Stock C,general
2023-09-08,SHEL,63.2,55.98,0.12897463379778504,Stock C,general
2023-09-11,SHEL,63.52,55.98,0.13469096105752065,Stock C,general
2023-09-12,SHEL,64.07,55.98,0.1445158985351911,Stock C,general
2023-09-13,SHEL,63.93,55.98,0.14201500535905687,Stock C,general
2023-09-14,SHEL,65.34,55.98,0.16720257234726701,Stock C,general
2023-09-15,SHEL,64.65,55.98,0.1548767416934621,Stock C,general
2023-09-18,SHEL,65.23,55.98,0.1652375848517329,Stock C,general
2023-09-19,SHEL,65.17,55.98,0.16416577349053244,Stock C,general
2023-09-20,SHEL,64.93,55.98,0.1598785280457308,Stock C,general
2023-09-21,SHEL,64.46,55.98,0.15148267238299387,Stock C,general
2023-09-22,SHEL,64.52,55.98,0.15255448374419434,Stock C,general
2023-09-25,SHEL,64.71,55.98,0.15594855305466232,Stock C,general
2023-09-26,SHEL,63.91,55.98,0.14165773490532332,Stock C,general
2023-09-27,SHEL,64.92,55.98,0.159699892818864,Stock C,general
2023-09-28,SHEL,65.82,55.98,0.17577706323687026,Stock C,general
2023-09-29,SHEL,64.38,55.98,0.15005359056806,Stock C,general
2023-10-02,SHEL,63.36,55.98,0.13183279742765278,Stock C,general
2023-10-03,SHEL,63.37,55.98,0.13201143265451948,Stock C,general
2023-10-04,SHEL,62.04,55.98,0.10825294748124335,Stock C,general
2023-10-05,SHEL,62.66,55.98,0.11932833154698107,Stock C,general
2023-10-06,SHEL,64.53,55.98,0.15273311897106118,Stock C,general
2023-10-09,SHEL,66.12,55.98,0.1811361200428726,Stock C,general
2023-10-10,SHEL,66.48,55.98,0.18756698821007517,Stock C,general
2023-10-11,SHEL,66.35,55.98,0.1852447302608074,Stock C,general
2023-10-12,SHEL,66.54,55.98,0.18863879957127563,Stock C,general
2023-10-13,SHEL,67.38,55.98,0.20364415862808144,Stock C,general
2023-10-16,SHEL,68.11,55.98,0.2166845301893534,Stock C,general
2023-10-17,SHEL,68.48,55.98,0.22329403358342279,Stock C,general
2023-10-18,SHEL,68.49,55.98,0.22347266881028938,Stock C,general
2023-10-19,SHEL,68.1,55.98,0.21650589496248657,Stock C,general
2023-10-20,SHEL,67.05,55.98,0.19774919614147912,Stock C,general
2023-10-23,SHEL,67.07,55.98,0.19810646659521253,Stock C,general
2023-10-24,SHEL,66.67,55.98,0.19096105752054315,Stock C,general
2023-10-25,SHEL,66.86,55.98,0.19435512683101114,Stock C,general
2023-10-26,SHEL,66.22,55.98,0.18292247231153988,Stock C,general
2023-10-27,SHEL,66.36,55.98,0.1854233654876742,Stock C,general
2023-10-30,SHEL,66.09,55.98,0.18060021436227236,Stock C,general
2023-10-31,SHEL,65.14,55.98,0.1636298678099322,Stock C,general
2023-11-01,SHEL,65.39,55.98,0.16809574848160064,Stock C,general
2023-11-02,SHEL,68.55,55.98,0.22454448017148984,Stock C,general
2023-11-03,SHEL,66.14,55.98,0.181493390496606,Stock C,general
2023-11-06,SHEL,66.83,55.98,0.1938192211504109,Stock C,general
2023-11-07,SHEL,65.49,55.98,0.16988210075026794,Stock C,general
2023-11-08,SHEL,64.42,55.98,0.15076813147552706,Stock C,general
2023-11-09,SHEL,64.81,55.98,0.15773490532332987,Stock C,general
2023-11-10,SHEL,65.6,55.98,0.17184708824580203,Stock C,general
2023-11-13,SHEL,66.04,55.98,0.17970703822793874,Stock C,general
2023-11-14,SHEL,66.37,55.98,0.18560200071454105,Stock C,general
2023-11-15,SHEL,65.95,55.98,0.17809932118613803,Stock C,general
2023-11-16,SHEL,64.6,55.98,0.15398356555912823,Stock C,general
2023-11-17,SHEL,65.87,55.98,0.17667023937120416,Stock C,general
2023-11-20,SHEL,66.68,55.98,0.19113969274740997,Stock C,general
2023-11-21,SHEL,66.52,55.98,0.18828152911754198,Stock C,general
2023-11-22,SHEL,65.42,55.98,0.16863165416220088,Stock C,general
2023-11-27,SHEL,65.81,55.98,0.17559842801000367,Stock C,general
2023-11-28,SHEL,66.0,55.98,0.17899249732047165,Stock C,general
2023-11-29,SHEL,65.85,55.98,0.1763129689174705,Stock C,general
2023-11-30,SHEL,65.8,55.98,0.17541979278313685,Stock C,general
2023-12-01,SHEL,65.43,55.98,0.16881028938906772,Stock C,general
2023-12-04,SHEL,64.89,55.98,0.15916398713826374,Stock C,general
2023-12-05,SHEL,64.16,55.98,0.14612361557699177,Stock C,general
2023-12-06,SHEL,63.05,55.98,0.12629510539478386,Stock C,general
2023-12-07,SHEL,63.27,55.98,0.1302250803858522,Stock C,general
2023-12-08,SHEL,64.14,55.98,0.14576634512325837,Stock C,general
2023-12-11,SHEL,63.88,55.98,0.14112182922472322,Stock C,general
2023-12-12,SHEL,63.7,55.98,0.13790639514112193,Stock C,general
2023-12-13,SHEL,64.22,55.98,0.14719542693819226,Stock C,general
2023-12-14,SHEL,65.49,55.98,0.16988210075026794,Stock C,general
2023-12-15,SHEL,64.08,55.98,0.1446945337620579,Stock C,general
2023-12-18,SHEL,64.71,55.98,0.15594855305466232,Stock C,general
2023-12-19,SHEL,65.5,55.98,0.17006073597713475,Stock C,general
2023-12-20,SHEL,65.06,55.98,0.16220078599499832,Stock C,general
2023-12-21,SHEL,65.65,55.98,0.17274026438013593,Stock C,general
2023-12-22,SHEL,65.81,55.98,0.17559842801000367,Stock C,general
2023-12-26,SHEL,66.11,55.98,0.18095748481600576,Stock C,general
2023-12-27,SHEL,66.13,55.98,0.18131475526973917,Stock C,general
2023-12-28,SHEL,65.45,55.98,0.16916755984280113,Stock C,general
2023-12-29,SHEL,65.8,55.98,0.17541979278313685,Stock C,general
2024-01-02,SHEL,65.91,55.98,0.17738478027867097,Stock C,general
2023-01-03,XOM,106.51,106.51,0.0,Stock D,general
2023-01-04,XOM,106.82,106.51,0.002910524833348869,Stock D,general
2023-01-05,XOM,109.21,106.51,0.025349732419491018,Stock D,general
2023-01-06,XOM,110.53,106.51,0.03774293493568675,Stock D,general
2023-01-09,XOM,108.47,106.51,0.0184020279785935,Stock D,general
2023-01-10,XOM,110.09,106.51,0.03361186743028822,Stock D,general
2023-01-11,XOM,111.37,106.51,0.045629518355084026,Stock D,general
2023-01-12,XOM,113.22,106.51,0.06299877945732789,Stock D,general
2023-01-13,XOM,113.15,106.51,0.06234156417237818,Stock D,general
2023-01-17,XOM,112.93,106.51,0.06027603041967892,Stock D,general
2023-01-18,XOM,110.61,106.51,0.03849403811848647,Stock D,general
2023-01-19,XOM,111.32,106.51,0.04516007886583408,Stock D,general
2023-01-20,XOM,113.35,106.51,0.06421932212937742,Stock D,general
2023-01-23,XOM,112.76,106.51,0.05867993615622946,Stock D,general
2023-01-24,XOM,113.81,106.51,0.06853816543047599,Stock D,general
2023-01-25,XOM,113.21,106.51,0.06290489155947787,Stock D,general
2023-01-26,XOM,117.76,106.51,0.10562388508121302,Stock D,general
2023-01-27,XOM,115.61,106.51,0.08543798704347004,Stock D,general
2023-01-30,XOM,113.56,106.51,0.0661909679842268,Stock D,general
2023-01-31,XOM,116.01,106.51,0.08919350295746878,Stock D,general
2023-02-01,XOM,114.74,106.51,0.07726973993052286,Stock D,general
2023-02-02,XOM,111.15,106.51,0.04356398460238475,Stock D,general
2023-02-03,XOM,111.92,106.51,0.050793352736832185,Stock D,general
2023-02-06,XOM,111.73,106.51,0.049009482677682834,Stock D,general
2023-02-07,XOM,114.92,106.51,0.07895972209182232,Stock D,general
2023-02-08,XOM,113.92,106.51,0.06957093230682561,Stock D,general
2023-02-09,XOM,114.35,106.51,0.07360811191437414,Stock D,general
2023-02-10,XOM,119.17,106.51,0.11886207867805836,Stock D,general
2023-02-13,XOM,117.8,106.51,0.10599943667261282,Stock D,general
2023-02-14,XOM,116.42,106.51,0.0930429067693174,Stock D,general
2023-02-15,XOM,116.07,106.51,0.08975683034456847,Stock D,general
2023-02-16,XOM,115.73,106.51,0.0865646418176697,Stock D,general
2023-02-17,XOM,111.28,106.51,0.044784527274434285,Stock D,general
2023-02-22,XOM,109.73,106.51,0.030231903107689407,Stock D,general
2023-02-23,XOM,110.74,106.51,0.039714580790536004,Stock D,general
2023-02-24,XOM,110.75,106.51,0.039808468688386014,Stock D,general
2023-02-27,XOM,110.55,106.51,0.037930710731386645,Stock D,general
2023-02-28,XOM,109.91,106.51,0.031921885268988745,Stock D,general
2023-03-01,XOM,110.89,106.51,0.041122899258285564,Stock D,general
2023-03-02,XOM,111.4,106.51,0.04591118204863393,Stock D,general
2023-03-03,XOM,112.81,106.51,0.05914937564547927,Stock D,general
2023-03-06,XOM,113.81,106.51,0.06853816543047599,Stock D,general
2023-03-07,XOM,111.61,106.51,0.04788282790348319,Stock D,general
2023-03-08,XOM,109.98,106.51,0.03257910055393858,Stock D,general
2023-03-09,XOM,109.13,106.51,0.0245986292366913,Stock D,general
2023-03-10,XOM,107.78,106.51,0.011923763026945788,Stock D,general
2023-03-13,XOM,106.54,106.51,0.0002816636935499121,Stock D,general
2023-03-14,XOM,106.94,106.51,0.004037179607548518,Stock D,general
2023-03-15,XOM,101.62,106.51,-0.04591118204863393,Stock D,general
2023-03-16,XOM,101.03,106.51,-0.05145056802178203,Stock D,general
2023-03-17,XOM,99.84,106.51,-0.0626232278659281,Stock D,general
2023-03-20,XOM,102.45,106.51,-0.03811848652708668,Stock D,general
2023-03-21,XOM,107.04,106.51,0.004976058586048269,Stock D,general
2023-03-22,XOM,104.59,106.51,-0.018026476387193707,Stock D,general
2023-03-23,XOM,103.41,106.51,-0.029105248333489892,Stock D,general
2023-03-24,XOM,103.53,106.51,-0.027978593559290242,Stock D,general
2023-03-27,XOM,105.8,106.51,-0.006666040747347742,Stock D,general
2023-03-28,XOM,107.12,106.51,0.00572716176884799,Stock D,general
2023-03-29,XOM,108.96,106.51,0.023002534973241843,Stock D,general
2023-03-30,XOM,109.49,106.51,0.02797859355929011,Stock D,general
2023-03-31,XOM,109.66,106.51,0.029574687822739566,Stock D,general
2023-04-03,XOM,116.13,106.51,0.0903201577316683,Stock D,general
2023-04-04,XOM,115.02,106.51,0.07989860107032194,Stock D,general
2023-04-05,XOM,116.99,106.51,0.09839451694676546,Stock D,general
2023-04-06,XOM,115.05,106.51,0.08018026476387186,Stock D,general
2023-04-10,XOM,114.54,106.51,0.07539198197352362,Stock D,general
2023-04-11,XOM,115.35,106.51,0.08299690169937085,Stock D,general
2023-04-12,XOM,115.23,106.51,0.08187024692517134,Stock D,general
2023-04-13,XOM,115.77,106.51,0.08694019340906949,Stock D,general
2023-04-14,XOM,116.05,106.51,0.08956905454886857,Stock D,general
2023-04-17,XOM,114.7,106.51,0.07689418833912307,Stock D,general
2023-04-18,XOM,116.94,106.51,0.09792507745751565,Stock D,general
2023-04-19,XOM,116.57,106.51,0.09445122523706682,Stock D,general
2023-04-20,XOM,115.64,106.51,0.08571965073701995,Stock D,general
2023-04-21,XOM,116.01,106.51,0.08919350295746878,Stock D,general
2023-04-24,XOM,118.2,106.51,0.10975495258661155,Stock D,general
2023-04-25,XOM,116.52,106.51,0.09398178574781701,Stock D,general
2023-04-26,XOM,115.45,106.51,0.0839357806778706,Stock D,general
2023-04-27,XOM,116.83,106.51,0.09689231058116601,Stock D,general
2023-04-28,XOM,118.34,106.51,0.1110693831565111,Stock D,general
2023-05-01,XOM,114.67,106.51,0.07661252464557315,Stock D,general
2023-05-02,XOM,110.1,106.51,0.0337057553281381,Stock D,general
2023-05-03,XOM,107.93,106.51,0.01333208149469535,Stock D,general
2023-05-04,XOM,106.04,106.51,-0.004412731198948445,Stock D,general
2023-05-05,XOM,108.68,106.51,0.020373673833442883,Stock D,general
2023-05-08,XOM,109.11,106.51,0.024410853440991403,Stock D,general
2023-05-09,XOM,109.14,106.51,0.024692517134541313,Stock D,general
2023-05-10,XOM,107.74,106.51,0.01154821143554586,Stock D,general
2023-05-11,XOM,105.79,106.51,-0.006759928645197623,Stock D,general
2023-05-12,XOM,105.78,106.51,-0.0068538165430476385,Stock D,general
2023-05-15,XOM,105.07,106.51,-0.01351985729039538,Stock D,general
2023-05-16,XOM,102.52,106.51,-0.037461271242136975,Stock D,general
2023-05-17,XOM,104.82,106.51,-0.015867054736644556,Stock D,general
2023-05-18,XOM,105.77,106.51,-0.006947704440897653,Stock D,general
2023-05-19,XOM,106.26,106.51,-0.0023471974462491783,Stock D,general
2023-05-22,XOM,104.97,106.51,-0.014458736268894998,Stock D,general
2023-05-23,XOM,106.4,106.51,-0.0010327668763496331,Stock D,general
2023-05-24,XOM,107.59,106.51,0.010139892967796434,Stock D,general
2023-05-25,XOM,105.66,106.51,-0.007980471317247287,Stock D,general
2023-05-26,XOM,104.97,106.51,-0.014458736268894998,Stock D,general
2023-05-31,XOM,102.18,106.51,-0.040653459769035755,Stock D,general
2023-06-01,XOM,103.36,106.51,-0.0295746878227397,Stock D,general
2023-06-02,XOM,105.76,106.51,-0.007041592338747535,Stock D,general
2023-06-05,XOM,105.29,106.51,-0.01145432353769598,Stock D,general
2023-06-06,XOM,106.15,106.51,-0.0033799643225988114,Stock D,general
2023-06-07,XOM,108.53,106.51,0.018965355365693323,Stock D,general
2023-06-08,XOM,108.19,106.51,0.01577316683879441,Stock D,general
2023-06-09,XOM,107.39,106.51,0.008262135010797065,Stock D,general
2023-06-12,XOM,106.42,106.51,-0.0008449910806497363,Stock D,general
2023-06-13,XOM,106.44,106.51,-0.0006572152849498393,Stock D,general
2023-06-14,XOM,105.16,106.51,-0.012674866209745643,Stock D,general
2023-06-15,XOM,105.89,106.51,-0.005821049666698005,Stock D,general
2023-06-16,XOM,105.13,106.51,-0.012956529903295556,Stock D,general
2023-06-20,XOM,102.72,106.51,-0.035583513285137605,Stock D,general
2023-06-21,XOM,103.87,106.51,-0.02478640503239133,Stock D,general
2023-06-22,XOM,103.3,106.51,-0.030138015209839525,Stock D,general
2023-06-23,XOM,102.4,106.51,-0.03858792601633649,Stock D,general
2023-06-26,XOM,104.29,106.51,-0.020843113322692692,Stock D,general
2023-06-27,XOM,104.55,106.51,-0.018402027978593635,Stock D,general
2023-06-28,XOM,105.4,106.51,-0.010421556661346346,Stock D,general
2023-06-29,XOM,106.7,106.51,0.0017838700591493542,Stock D,general
2023-06-30,XOM,107.25,106.51,0.00694770444089752,Stock D,general
2023-07-03,XOM,107.46,106.51,0.00891935029574677,Stock D,general
2023-07-05,XOM,106.91,106.51,0.003755515913998605,Stock D,general
2023-07-06,XOM,102.92,106.51,-0.033705755328138236,Stock D,general
2023-07-07,XOM,103.16,106.51,-0.03145244577973907,Stock D,general
2023-07-10,XOM,104.69,106.51,-0.01708759740869409,Stock D,general
2023-07-11,XOM,105.97,106.51,-0.005069946483898284,Stock D,general
2023-07-12,XOM,106.49,106.51,-0.00018777579570003033,Stock D,general
2023-07-13,XOM,104.54,106.51,-0.018495915876443513,Stock D,general
2023-07-14,XOM,100.94,106.51,-0.05229555910243176,Stock D,general
2023-07-17,XOM,101.38,106.51,-0.04816449159703323,Stock D,general
2023-07-18,XOM,100.92,106.51,-0.05248333489813166,Stock D,general
2023-07-19,XOM,101.62,106.51,-0.04591118204863393,Stock D,general
2023-07-20,XOM,103.41,106.51,-0.029105248333489892,Stock D,general
2023-07-21,XOM,103.89,106.51,-0.02459862923669143,Stock D,general
2023-07-24,XOM,105.52,106.51,-0.009294901887146831,Stock D,general
2023-07-25,XOM,105.68,106.51,-0.007792695521547256,Stock D,general
2023-07-26,XOM,105.09,106.51,-0.01333208149469535,Stock D,general
2023-07-27,XOM,105.42,106.51,-0.01023378086564645,Stock D,general
2023-07-28,XOM,104.16,106.51,-0.022063655994742356,Stock D,general
2023-07-31,XOM,107.24,106.51,0.006853816543047505,Stock D,general
2023-08-01,XOM,106.62,106.51,0.0010327668763496331,Stock D,general
2023-08-02,XOM,105.29,106.51,-0.01145432353769598,Stock D,general
2023-08-03,XOM,107.12,106.51,0.00572716176884799,Stock D,general
2023-08-04,XOM,107.42,106.51,0.008543798704346977,Stock D,general
2023-08-07,XOM,107.2,106.51,0.006478264951647711,Stock D,general
2023-08-08,XOM,107.73,106.51,0.01145432353769598,Stock D,general
2023-08-09,XOM,109.56,106.51,0.02863580884423995,Stock D,general
2023-08-10,XOM,110.12,106.51,0.03389353112383813,Stock D,general
2023-08-11,XOM,111.83,106.51,0.04994836165618245,Stock D,general
2023-08-14,XOM,111.92,106.51,0.050793352736832185,Stock D,general
2023-08-15,XOM,108.16,106.51,0.015491503145244497,Stock D,general
2023-08-16,XOM,106.34,106.51,-0.0015960942634494573,Stock D,general
2023-08-17,XOM,108.4,106.51,0.017744812693643794,Stock D,general
2023-08-18,XOM,110.04,106.51,0.03314242794103841,Stock D,general
2023-08-21,XOM,108.71,106.51,0.020655337526992664,Stock D,general
2023-08-22,XOM,108.1,106.51,0.014928175758144672,Stock D,general
2023-08-23,XOM,107.15,106.51,0.006008825462397902,Stock D,general
2023-08-24,XOM,106.35,106.51,-0.0015022063655995756,Stock D,general
2023-08-25,XOM,108.25,106.51,0.016336494225894234,Stock D,general
2023-08-28,XOM,109.16,106.51,0.024880292930241212,Stock D,general
2023-08-29,XOM,109.81,106.51,0.030983006290489126,Stock D,general
2023-08-30,XOM,110.88,106.51,0.04102901136043555,Stock D,general
2023-08-31,XOM,111.19,106.51,0.04393953619378455,Stock D,general
2023-09-01,XOM,113.52,106.51,0.06581541639282687,Stock D,general
2023-09-05,XOM,113.53,106.51,0.06590930429067689,Stock D,general
2023-09-06,XOM,114.51,106.51,0.0751103182799737,Stock D,general
2023-09-07,XOM,113.95,106.51,0.06985259600037552,Stock D,general
2023-09-08,XOM,115.61,106.51,0.08543798704347004,Stock D,general
2023-09-11,XOM,114.16,106.51,0.07182424185522478,Stock D,general
2023-09-12,XOM,117.49,106.51,0.10308891183926382,Stock D,general
2023-09-13,XOM,116.44,106.51,0.09323068256501729,Stock D,general
2023-09-14,XOM,118.52,106.51,0.11275936531781044,Stock D,general
2023-09-15,XOM,116.7,106.51,0.0956717679091165,Stock D,general
2023-09-18,XOM,117.64,106.51,0.10449723030701338,Stock D,general
2023-09-19,XOM,117.33,106.51,0.10158670547366437,Stock D,general
2023-09-20,XOM,116.4,106.51,0.0928551309736175,Stock D,general
2023-09-21,XOM,114.76,106.51,0.07745751572622289,Stock D,general
2023-09-22,XOM,114.94,106.51,0.07914749788752222,Stock D,general
2023-09-25,XOM,116.23,106.51,0.09125903671016805,Stock D,general
2023-09-26,XOM,116.41,106.51,0.09294901887146738,Stock D,general
2023-09-27,XOM,120.2,106.51,0.12853253215660498,Stock D,general
2023-09-28,XOM,119.47,106.51,0.12167871561355735,Stock D,general
2023-09-29,XOM,117.58,106.51,0.10393390291991356,Stock D,general
2023-10-02,XOM,115.63,106.51,0.08562576283916994,Stock D,general
2023-10-03,XOM,115.83,106.51,0.08750352079616931,Stock D,general
2023-10-04,XOM,111.5,106.51,0.04685006102713355,Stock D,general
2023-10-05,XOM,108.99,106.51,0.023284198666791753,Stock D,general
2023-10-06,XOM,107.17,106.51,0.006196601258097799,Stock D,general
2023-10-09,XOM,110.92,106.51,0.04140456295183548,Stock D,general
2023-10-10,XOM,110.45,106.51,0.036991831752887026,Stock D,general
2023-10-11,XOM,106.49,106.51,-0.00018777579570003033,Stock D,general
2023-10-12,XOM,106.47,106.51,-0.00037555159139992725,Stock D,general
2023-10-13,XOM,109.87,106.51,0.03154633367758895,Stock D,general
2023-10-16,XOM,109.95,106.51,0.032297436860388676,Stock D,general
2023-10-17,XOM,111.39,106.51,0.04581729415078392,Stock D,general
2023-10-18,XOM,112.95,106.51,0.060463806215378814,Stock D,general
2023-10-19,XOM,113.02,106.51,0.06112102150032852,Stock D,general
2023-10-20,XOM,111.08,106.51,0.042906769317434916,Stock D,general
2023-10-23,XOM,109.45,106.51,0.027603041967890315,Stock D,general
2023-10-24,XOM,108.39,106.51,0.01765092479579378,Stock D,general
2023-10-25,XOM,108.59,106.51,0.01952868275279315,Stock D,general
2023-10-26,XOM,107.6,106.51,0.010233780865646316,Stock D,general
2023-10-27,XOM,105.55,106.51,-0.00901323819359692,Stock D,general
2023-10-30,XOM,105.88,106.51,-0.005914937564548021,Stock D,general
2023-10-31,XOM,105.85,106.51,-0.006196601258097932,Stock D,general
2023-11-01,XOM,105.64,106.51,-0.008168247112947183,Stock D,general
2023-11-02,XOM,109.11,106.51,0.024410853440991403,Stock D,general
2023-11-03,XOM,107.78,106.51,0.011923763026945788,Stock D,general
2023-11-06,XOM,105.87,106.51,-0.006008825462397902,Stock D,general
2023-11-07,XOM,104.21,106.51,-0.021594216505492547,Stock D,general
2023-11-08,XOM,102.93,106.51,-0.03361186743028822,Stock D,general
2023-11-09,XOM,102.96,106.51,-0.03333020373673844,Stock D,general
2023-11-10,XOM,103.75,106.51,-0.025913059806590977,Stock D,general
2023-11-13,XOM,104.84,106.51,-0.01567927894094453,Stock D,general
2023-11-14,XOM,104.29,106.51,-0.020843113322692692,Stock D,general
2023-11-15,XOM,103.66,106.51,-0.026758050887240713,Stock D,general
2023-11-16,XOM,102.46,106.51,-0.038024598629236794,Stock D,general
2023-11-17,XOM,104.96,106.51,-0.014552624166745012,Stock D,general
2023-11-20,XOM,104.5,106.51,-0.01887146746784344,Stock D,general
2023-11-21,XOM,104.46,106.51,-0.019247019059243368,Stock D,general
2023-11-22,XOM,104.01,106.51,-0.023471974462491784,Stock D,general
2023-11-27,XOM,103.96,106.51,-0.023941413951741725,Stock D,general
2023-11-28,XOM,103.9,106.51,-0.024504741338841417,Stock D,general
2023-11-29,XOM,102.34,106.51,-0.03915125340343631,Stock D,general
2023-11-30,XOM,102.74,106.51,-0.03539573748943771,Stock D,general
2023-12-01,XOM,102.99,106.51,-0.03304854004318853,Stock D,general
2023-12-04,XOM,102.43,106.51,-0.038306262322786576,Stock D,general
2023-12-05,XOM,100.44,106.51,-0.05698995399493012,Stock D,general
2023-12-06,XOM,99.11,106.51,-0.06947704440897573,Stock D,general
2023-12-07,XOM,98.42,106.51,-0.07595530936062345,Stock D,general
2023-12-08,XOM,99.55,106.51,-0.0653459769035772,Stock D,general
2023-12-11,XOM,99.62,106.51,-0.06468876161862736,Stock D,general
2023-12-12,XOM,98.05,106.51,-0.07942916158107227,Stock D,general
2023-12-13,XOM,98.92,106.51,-0.07126091446812509,Stock D,general
2023-12-14,XOM,101.58,106.51,-0.04628673364003386,Stock D,general
2023-12-15,XOM,100.9,106.51,-0.052671110693831555,Stock D,general
2023-12-18,XOM,101.65,106.51,-0.045629518355084026,Stock D,general
2023-12-19,XOM,102.99,106.51,-0.03304854004318853,Stock D,general
2023-12-20,XOM,101.27,106.51,-0.04919725847338286,Stock D,general
2023-12-21,XOM,101.73,106.51,-0.0448784151722843,Stock D,general
2023-12-22,XOM,101.91,106.51,-0.04318843301098496,Stock D,general
2023-12-26,XOM,102.14,106.51,-0.04102901136043568,Stock D,general
2023-12-27,XOM,101.66,106.51,-0.04553563045723414,Stock D,general
2023-12-28,XOM,100.19,106.51,-0.0593371514411793,Stock D,general
2023-12-29,XOM,99.98,106.51,-0.06130879729602855,Stock D,general
2024-01-02,XOM,102.36,106.51,-0.03896347760773641,Stock D,general
2023-01-03,MSFT,239.58,239.58,0.0,Stock E,general
2023-01-04,MSFT,229.1,239.58,-0.04374321729693638,Stock E,general
2023-01-05,MSFT,222.31,239.58,-0.0720844811753903,Stock E,general
2023-01-06,MSFT,224.93,239.58,-0.061148676851156214,Stock E,general
2023-01-09,MSFT,227.12,239.58,-0.05200768010685369,Stock E,general
2023-01-10,MSFT,228.85,239.58,-0.044786710075966345,Stock E,general
2023-01-11,MSFT,235.77,239.58,-0.01590282995241674,Stock E,general
2023-01-12,MSFT,238.51,239.58,-0.004466149094248357,Stock E,general
2023-01-13,MSFT,239.23,239.58,-0.0014608898906420516,Stock E,general
2023-01-17,MSFT,240.35,239.58,0.0032139577594122288,Stock E,general
2023-01-18,MSFT,235.81,239.58,-0.015735871107771977,Stock E,general
2023-01-19,MSFT,231.93,239.58,-0.031930879038317074,Stock E,general
2023-01-20,MSFT,240.22,239.58,0.0026713415143166637,Stock E,general
2023-01-23,MSFT,242.58,239.58,0.012521913348359628,Stock E,general
2023-01-24,MSFT,242.04,239.58,0.01026796894565481,Stock E,general
2023-01-25,MSFT,240.61,239.58,0.004299190249603477,Stock E,general
2023-01-26,MSFT,248.0,239.58,0.035144836797729305,Stock E,general
2023-01-27,MSFT,248.16,239.58,0.03581267217630847,Stock E,general
2023-01-30,MSFT,242.71,239.58,0.013064529593455193,Stock E,general
2023-01-31,MSFT,247.81,239.58,0.034351782285666536,Stock E,general
2023-02-01,MSFT,252.75,239.58,0.05497119959929872,Stock E,general
2023-02-02,MSFT,264.6,239.58,0.10443275732531934,Stock E,general
2023-02-03,MSFT,258.35,239.58,0.07834543784957013,Stock E,general
2023-02-06,MSFT,256.77,239.58,0.07175056348610054,Stock E,general
2023-02-07,MSFT,267.56,239.58,0.1167877118290341,Stock E,general
2023-02-08,MSFT,266.73,239.58,0.11332331580265466,Stock E,general
2023-02-09,MSFT,263.62,239.58,0.1003422656315218,Stock E,general
2023-02-10,MSFT,263.1,239.58,0.09817180065113953,Stock E,general
2023-02-13,MSFT,271.32,239.58,0.1324818432256448,Stock E,general
2023-02-14,MSFT,272.17,239.58,0.13602971867434677,Stock E,general
2023-02-15,MSFT,269.32,239.58,0.12413390099340504,Stock E,general
2023-02-16,MSFT,262.15,239.58,0.09420652809082546,Stock E,general
2023-02-17,MSFT,258.06,239.58,0.07713498622589526,Stock E,general
2023-02-22,MSFT,251.51,239.58,0.049795475415310035,Stock E,general
2023-02-23,MSFT,254.77,239.58,0.06340262125386091,Stock E,general
2023-02-24,MSFT,249.22,239.58,0.04023708155939555,Stock E,general
2023-02-27,MSFT,250.16,239.58,0.044160614408548224,Stock E,general
2023-02-28,MSFT,249.42,239.58,0.04107187578261948,Stock E,general
2023-03-01,MSFT,246.27,239.58,0.027923866766841964,Stock E,general
2023-03-02,MSFT,251.11,239.58,0.04812588696886218,Stock E,general
2023-03-03,MSFT,255.29,239.58,0.06557308623424317,Stock E,general
2023-03-06,MSFT,256.87,239.58,0.07216796059771263,Stock E,general
2023-03-07,MSFT,254.15,239.58,0.060814759161866565,Stock E,general
2023-03-08,MSFT,253.7,239.58,0.058936472159612556,Stock E,general
2023-03-09,MSFT,252.32,239.58,0.05317639201936714,Stock E,general
2023-03-10,MSFT,248.59,239.58,0.03760747975624005,Stock E,general
2023-03-13,MSFT,253.92,239.58,0.05985474580515892,Stock E,general
2023-03-14,MSFT,260.79,239.58,0.0885299273729026,Stock E,general
2023-03-15,MSFT,265.44,239.58,0.10793889306285993,Stock E,general
2023-03-16,MSFT,276.2,239.58,0.15285082227230976,Stock E,general
2023-03-17,MSFT,279.43,239.58,0.16633274897737704,Stock E,general
2023-03-20,MSFT,272.23,239.58,0.13628015694131398,Stock E,general
2023-03-21,MSFT,273.78,239.58,0.1427498121712996,Stock E,general
2023-03-22,MSFT,272.29,239.58,0.13653059520828117,Stock E,general
2023-03-23,MSFT,277.66,239.58,0.15894482010184494,Stock E,general
2023-03-24,MSFT,280.57,239.58,0.17109107604975365,Stock E,general
2023-03-27,MSFT,276.38,239.58,0.15360213707321138,Stock E,general
2023-03-28,MSFT,275.23,239.58,0.1488020702896736,Stock E,general
2023-03-29,MSFT,280.51,239.58,0.17084063778278644,Stock E,general
2023-03-30,MSFT,284.05,239.58,0.1856164955338509,Stock E,general
2023-03-31,MSFT,288.3,239.58,0.20335587277736036,Stock E,general
2023-04-03,MSFT,287.23,239.58,0.1988897236831121,Stock E,general
2023-04-04,MSFT,287.18,239.58,0.1986810251273061,Stock E,general
2023-04-05,MSFT,284.34,239.58,0.1868269471575255,Stock E,general
2023-04-06,MSFT,291.6,239.58,0.217129977460556,Stock E,general
2023-04-10,MSFT,289.39,239.58,0.20790550129393093,Stock E,general
2023-04-11,MSFT,282.83,239.58,0.18052425077218454,Stock E,general
2023-04-12,MSFT,283.49,239.58,0.18327907170882374,Stock E,general
2023-04-13,MSFT,289.84,239.58,0.20978378829618483,Stock E,general
2023-04-14,MSFT,286.14,239.58,0.19434009516654133,Stock E,general
2023-04-17,MSFT,288.8,239.58,0.2054428583354203,Stock E,general
2023-04-18,MSFT,288.37,239.58,0.20364805075548872,Stock E,general
2023-04-19,MSFT,288.45,239.58,0.20398196844477826,Stock E,general
2023-04-20,MSFT,286.11,239.58,0.19421487603305784,Stock E,general
2023-04-21,MSFT,285.76,239.58,0.1927539861424158,Stock E,general
2023-04-24,MSFT,281.77,239.58,0.17609984138909746,Stock E,general
2023-04-25,MSFT,275.42,239.58,0.14959512480173637,Stock E,general
2023-04-26,MSFT,295.37,239.58,0.23286584856832787,Stock E,general
2023-04-27,MSFT,304.83,239.58,0.2723516153268218,Stock E,general
2023-04-28,MSFT,307.26,239.58,0.2824943651389931,Stock E,general
2023-05-01,MSFT,305.56,239.58,0.2753986142415894,Stock E,general
2023-05-02,MSFT,305.41,239.58,0.2747725185741715,Stock E,general
2023-05-03,MSFT,304.4,239.58,0.2705568077468902,Stock E,general
2023-05-04,MSFT,305.41,239.58,0.2747725185741715,Stock E,general
2023-05-05,MSFT,310.65,239.58,0.29664412722263944,Stock E,general
2023-05-08,MSFT,308.65,239.58,0.2882961849903997,Stock E,general
2023-05-09,MSFT,307.0,239.58,0.281409132648802,Stock E,general
2023-05-10,MSFT,312.31,239.58,0.30357291927539853,Stock E,general
2023-05-11,MSFT,310.11,239.58,0.2943901828199349,Stock E,general
2023-05-12,MSFT,308.97,239.58,0.2896318557475583,Stock E,general
2023-05-15,MSFT,309.46,239.58,0.2916771015944568,Stock E,general
2023-05-16,MSFT,311.74,239.58,0.30119375573921026,Stock E,general
2023-05-17,MSFT,314.0,239.58,0.31062693046164114,Stock E,general
2023-05-18,MSFT,318.52,239.58,0.3294932799065029,Stock E,general
2023-05-19,MSFT,318.34,239.58,0.3287419651056013,Stock E,general
2023-05-22,MSFT,321.18,239.58,0.3405960430753819,Stock E,general
2023-05-23,MSFT,315.26,239.58,0.31588613406795213,Stock E,general
2023-05-24,MSFT,313.85,239.58,0.31000083479422325,Stock E,general
2023-05-25,MSFT,325.92,239.58,0.3603806661657901,Stock E,general
2023-05-26,MSFT,332.89,239.58,0.38947324484514556,Stock E,general
2023-05-31,MSFT,328.39,239.58,0.3706903748226061,Stock E,general
2023-06-01,MSFT,332.58,239.58,0.3881793137991484,Stock E,general
2023-06-02,MSFT,335.4,239.58,0.3999499123466064,Stock E,general
2023-06-05,MSFT,335.94,239.58,0.4022038567493112,Stock E,general
2023-06-06,MSFT,333.68,239.58,0.3927706820268803,Stock E,general
2023-06-07,MSFT,323.38,239.58,0.3497787795308456,Stock E,general
2023-06-08,MSFT,325.26,239.58,0.3576258452291509,Stock E,general
2023-06-09,MSFT,326.79,239.58,0.36401202103681446,Stock E,general
2023-06-12,MSFT,331.85,239.58,0.38513231488438104,Stock E,general
2023-06-13,MSFT,334.29,239.58,0.3953168044077135,Stock E,general
2023-06-14,MSFT,337.34,239.58,0.40804741631187896,Stock E,general
2023-06-15,MSFT,348.1,239.58,0.452959345521329,Stock E,general
2023-06-16,MSFT,342.33,239.58,0.4288755321813172,Stock E,general
2023-06-20,MSFT,338.05,239.58,0.4110109358043242,Stock E,general
2023-06-21,MSFT,333.56,239.58,0.39226980549294593,Stock E,general
2023-06-22,MSFT,339.71,239.58,0.41793972785708305,Stock E,general
2023-06-23,MSFT,335.02,239.58,0.39836380332248084,Stock E,general
2023-06-26,MSFT,328.6,239.58,0.37156690875699144,Stock E,general
2023-06-27,MSFT,334.57,239.58,0.39648551632022694,Stock E,general
2023-06-28,MSFT,335.85,239.58,0.40182819934886055,Stock E,general
2023-06-29,MSFT,335.05,239.58,0.39848902245596457,Stock E,general
2023-06-30,MSFT,340.54,239.58,0.4214041238834627,Stock E,general
2023-07-03,MSFT,337.99,239.58,0.410760497537357,Stock E,general
2023-07-05,MSFT,338.15,239.58,0.41142833291593606,Stock E,general
2023-07-06,MSFT,341.27,239.58,0.4244511227982301,Stock E,general
2023-07-07,MSFT,337.22,239.58,0.40754653977794475,Stock E,general
2023-07-10,MSFT,331.83,239.58,0.3850488354620585,Stock E,general
2023-07-11,MSFT,332.47,239.58,0.38772017697637534,Stock E,general
2023-07-12,MSFT,337.2,239.58,0.40746306035562224,Stock E,general
2023-07-13,MSFT,342.66,239.58,0.43025294264963687,Stock E,general
2023-07-14,MSFT,345.24,239.58,0.4410217881292261,Stock E,general
2023-07-17,MSFT,345.73,239.58,0.4430670339761249,Stock E,general
2023-07-18,MSFT,359.49,239.58,0.5005008765339344,Stock E,general
2023-07-19,MSFT,355.08,239.58,0.4820936639118456,Stock E,general
2023-07-20,MSFT,346.87,239.58,0.4478253610485015,Stock E,general
2023-07-21,MSFT,343.77,239.58,0.43488605058852975,Stock E,general
2023-07-24,MSFT,345.11,239.58,0.44047917188413055,Stock E,general
2023-07-25,MSFT,350.98,239.58,0.4649803823357542,Stock E,general
2023-07-26,MSFT,337.77,239.58,0.4098422238918105,Stock E,general
2023-07-27,MSFT,330.72,239.58,0.3804157275231656,Stock E,general
2023-07-28,MSFT,338.37,239.58,0.41234660656148253,Stock E,general
2023-07-31,MSFT,335.92,239.58,0.4021203773269889,Stock E,general
2023-08-01,MSFT,336.34,239.58,0.4038734451957591,Stock E,general
2023-08-02,MSFT,327.5,239.58,0.36697554052925946,Stock E,general
2023-08-03,MSFT,326.66,239.58,0.36346940479171885,Stock E,general
2023-08-04,MSFT,327.78,239.58,0.3681442524417729,Stock E,general
2023-08-07,MSFT,330.11,239.58,0.3778696051423324,Stock E,general
2023-08-08,MSFT,326.05,239.58,0.36092328241088567,Stock E,general
2023-08-09,MSFT,322.23,239.58,0.3449787127473078,Stock E,general
2023-08-10,MSFT,322.93,239.58,0.3479004925285917,Stock E,general
2023-08-11,MSFT,321.01,239.58,0.3398864679856414,Stock E,general
2023-08-14,MSFT,324.04,239.58,0.3525336004674848,Stock E,general
2023-08-15,MSFT,321.86,239.58,0.3434343434343434,Stock E,general
2023-08-16,MSFT,320.4,239.58,0.33734034560480824,Stock E,general
2023-08-17,MSFT,316.88,239.58,0.32264796727606637,Stock E,general
2023-08-18,MSFT,316.48,239.58,0.3209783788296185,Stock E,general
2023-08-21,MSFT,321.88,239.58,0.34351782285666577,Stock E,general
2023-08-22,MSFT,322.46,239.58,0.3459387261040152,Stock E,general
2023-08-23,MSFT,327.0,239.58,0.36488855497119954,Stock E,general
2023-08-24,MSFT,319.97,239.58,0.3355455380248769,Stock E,general
2023-08-25,MSFT,322.98,239.58,0.3481091910843977,Stock E,general
2023-08-28,MSFT,323.7,239.58,0.35111445028800387,Stock E,general
2023-08-29,MSFT,328.41,239.58,0.37077385424492865,Stock E,general
2023-08-30,MSFT,328.79,239.58,0.3723599632690542,Stock E,general
2023-08-31,MSFT,327.76,239.58,0.3680607730194506,Stock E,general
2023-09-01,MSFT,328.66,239.58,0.37181734702395863,Stock E,general
2023-09-05,MSFT,333.55,239.58,0.39222806578178476,Stock E,general
2023-09-06,MSFT,332.88,239.58,0.3894315051339844,Stock E,general
2023-09-07,MSFT,329.91,239.58,0.37703481091910845,Stock E,general
2023-09-08,MSFT,334.27,239.58,0.39523332498539093,Stock E,general
2023-09-11,MSFT,337.94,239.58,0.410551798981551,Stock E,general
2023-09-12,MSFT,331.77,239.58,0.38479839719509124,Stock E,general
2023-09-13,MSFT,336.06,239.58,0.40270473328324563,Stock E,general
2023-09-14,MSFT,338.7,239.58,0.41372401702980205,Stock E,general
2023-09-15,MSFT,330.22,239.58,0.37832874196510563,Stock E,general
2023-09-18,MSFT,329.06,239.58,0.37348693547040646,Stock E,general
2023-09-19,MSFT,328.65,239.58,0.37177560731279724,Stock E,general
2023-09-20,MSFT,320.77,239.58,0.3388847149177726,Stock E,general
2023-09-21,MSFT,319.53,239.58,0.33370899073378396,Stock E,general
2023-09-22,MSFT,317.01,239.58,0.3231905835211619,Stock E,general
2023-09-25,MSFT,317.54,239.58,0.3254027882127056,Stock E,general
2023-09-26,MSFT,312.14,239.58,0.30286334418565813,Stock E,general
2023-09-27,MSFT,312.79,239.58,0.30557642541113617,Stock E,general
2023-09-28,MSFT,313.64,239.58,0.30912430085983794,Stock E,general
2023-09-29,MSFT,315.75,239.58,0.31793137991485093,Stock E,general
2023-10-02,MSFT,321.8,239.58,0.34318390516737624,Stock E,general
2023-10-03,MSFT,313.39,239.58,0.30808080808080796,Stock E,general
2023-10-04,MSFT,318.96,239.58,0.3313298271975956,Stock E,general
2023-10-05,MSFT,319.36,239.58,0.33299941564404373,Stock E,general
2023-10-06,MSFT,327.26,239.58,0.36597378746139064,Stock E,general
2023-10-09,MSFT,329.82,239.58,0.37665915351865753,Stock E,general
2023-10-10,MSFT,328.39,239.58,0.3706903748226061,Stock E,general
2023-10-11,MSFT,332.42,239.58,0.3875114784205693,Stock E,general
2023-10-12,MSFT,331.16,239.58,0.38225227481425833,Stock E,general
2023-10-13,MSFT,327.73,239.58,0.3679355538859671,Stock E,general
2023-10-16,MSFT,332.64,239.58,0.3884297520661156,Stock E,general
2023-10-17,MSFT,332.06,239.58,0.3860088488187661,Stock E,general
2023-10-18,MSFT,330.11,239.58,0.3778696051423324,Stock E,general
2023-10-19,MSFT,331.32,239.58,0.38292011019283734,Stock E,general
2023-10-20,MSFT,326.67,239.58,0.36351114450288,Stock E,general
2023-10-23,MSFT,329.32,239.58,0.3745721679605976,Stock E,general
2023-10-24,MSFT,330.53,239.58,0.3796226730111026,Stock E,general
2023-10-25,MSFT,340.67,239.58,0.4219467401285583,Stock E,general
2023-10-26,MSFT,327.89,239.58,0.36860338926454617,Stock E,general
2023-10-27,MSFT,329.81,239.58,0.3766174138074964,Stock E,general
2023-10-30,MSFT,337.31,239.58,0.40792219717839545,Stock E,general
2023-10-31,MSFT,338.11,239.58,0.41126137407129143,Stock E,general
2023-11-01,MSFT,346.07,239.58,0.44448618415560553,Stock E,general
2023-11-02,MSFT,348.32,239.58,0.45387761916687525,Stock E,general
2023-11-03,MSFT,352.8,239.58,0.4725770097670924,Stock E,general
2023-11-06,MSFT,356.53,239.58,0.48814592203021934,Stock E,general
2023-11-07,MSFT,360.53,239.58,0.5048418064946989,Stock E,general
2023-11-08,MSFT,363.2,239.58,0.515986309374739,Stock E,general
2023-11-09,MSFT,360.69,239.58,0.5055096418732782,Stock E,general
2023-11-10,MSFT,369.67,239.58,0.5429919024960347,Stock E,general
2023-11-13,MSFT,366.68,239.58,0.5305117288588362,Stock E,general
2023-11-14,MSFT,370.27,239.58,0.5454962851657065,Stock E,general
2023-11-15,MSFT,369.67,239.58,0.5429919024960347,Stock E,general
2023-11-16,MSFT,376.17,239.58,0.5701227147508139,Stock E,general
2023-11-17,MSFT,369.85,239.58,0.5437432172969363,Stock E,general
2023-11-20,MSFT,377.44,239.58,0.5754236580682861,Stock E,general
2023-11-21,MSFT,373.07,239.58,0.5571834042908422,Stock E,general
2023-11-22,MSFT,377.85,239.58,0.5771349862258953,Stock E,general
2023-11-27,MSFT,378.61,239.58,0.5803072042741464,Stock E,general
2023-11-28,MSFT,382.7,239.58,0.5973787461390766,Stock E,general
2023-11-29,MSFT,378.85,239.58,0.5813089573420152,Stock E,general
2023-11-30,MSFT,378.91,239.58,0.5815593956089824,Stock E,general
2023-12-01,MSFT,374.51,239.58,0.5631939226980548,Stock E,general
2023-12-04,MSFT,369.14,239.58,0.5407796978044911,Stock E,general
2023-12-05,MSFT,372.52,239.58,0.5548877201769762,Stock E,general
2023-12-06,MSFT,368.8,239.58,0.5393605476250104,Stock E,general
2023-12-07,MSFT,370.95,239.58,0.5483345855246681,Stock E,general
2023-12-08,MSFT,374.23,239.58,0.5620252107855414,Stock E,general
2023-12-11,MSFT,371.3,239.58,0.54979547541531,Stock E,general
2023-12-12,MSFT,374.38,239.58,0.5626513064529592,Stock E,general
2023-12-13,MSFT,374.37,239.58,0.5626095667417981,Stock E,general
2023-12-14,MSFT,365.93,239.58,0.5273812505217463,Stock E,general
2023-12-15,MSFT,370.73,239.58,0.5474163118791218,Stock E,general
2023-12-18,MSFT,372.65,239.58,0.5554303364220717,Stock E,general
2023-12-19,MSFT,373.26,239.58,0.5579764588029049,Stock E,general
2023-12-20,MSFT,370.62,239.58,0.5469571750563486,Stock E,general
2023-12-21,MSFT,373.54,239.58,0.5591451707154187,Stock E,general
2023-12-22,MSFT,374.58,239.58,0.5634861006761832,Stock E,general
2023-12-26,MSFT,374.66,239.58,0.5638200183654729,Stock E,general
2023-12-27,MSFT,374.07,239.58,0.5613573754069621,Stock E,general
2023-12-28,MSFT,375.28,239.58,0.566407880457467,Stock E,general
2023-12-29,MSFT,376.04,239.58,0.5695800985057183,Stock E,general
2024-01-02,MSFT,370.87,239.58,0.5480006678353785,Stock E,general
